vIn,vC,tick,ms,grade,rope_deg,grab_to_release_m,vt,vx,vy,speed,launch_deg,feet_y0,flight_s,land_m,past_edge_m
8,13.0000,27,450.0000,Good,17.5840,5.4795,12.0181,12.7556,4.3807,13.4869,18.9543,1.9042,0.8332,14.8580,2.8580
8,13.0000,28,466.7000,Good,18.3962,5.6682,11.9073,12.5979,4.5078,13.3801,19.6883,1.9654,0.8519,15.1500,3.1500
8,13.0000,29,483.3000,Good,19.2005,5.8543,11.7916,12.4347,4.6280,13.2680,20.4143,2.0288,0.8700,15.4223,3.4223
8,13.0000,30,500.0000,Good,19.9966,6.0375,11.6710,12.2665,4.7411,13.1508,21.1319,2.0940,0.8876,15.6746,3.6746
8,13.0000,31,516.7000,Good,20.7841,6.2179,11.5456,12.0933,4.8469,13.0285,21.8407,2.1611,0.9045,15.9065,3.9065
8,13.0000,32,533.3000,Good,21.5628,6.3953,11.4155,11.9157,4.9454,12.9012,22.5403,2.2298,0.9209,16.1179,4.1179
8,13.0000,33,550.0000,Good,22.3322,6.5697,11.2808,11.7337,5.0364,12.7689,23.2303,2.3001,0.9365,16.3088,4.3088
8,13.0000,34,566.7000,Good,23.0922,6.7410,11.1415,11.5478,5.1198,12.6319,23.9105,2.3717,0.9515,16.4792,4.4792
8,13.0000,35,583.3000,Good,23.8423,6.9091,10.9976,11.3582,5.1955,12.4900,24.5804,2.4447,0.9658,16.6292,4.6292
8,13.0000,36,600.0000,Good,24.5823,7.0740,10.8494,11.1651,5.2634,12.3435,25.2397,2.5189,0.9794,16.7592,4.7592
8,13.0000,37,616.7000,Good,25.3120,7.2357,10.6969,10.9690,5.3234,12.1925,25.8881,2.5941,0.9922,16.8694,4.8694
8,13.0000,38,633.3000,Good,26.0309,7.3940,10.5401,10.7700,5.3756,12.0370,26.5251,2.6702,1.0043,16.9602,4.9602
8,13.0000,39,650.0000,Good,26.7389,7.5489,10.3792,10.5684,5.4199,11.8771,27.1505,2.7471,1.0156,17.0321,5.0321
8,13.0000,40,666.7000,Good,27.4356,7.7005,10.2142,10.3645,5.4562,11.7129,27.7639,2.8246,1.0261,17.0857,5.0857
8,13.0000,41,683.3000,Good,28.1207,7.8486,10.0453,10.1586,5.4847,11.5446,28.3649,2.9026,1.0359,17.1214,5.1214
8,13.0000,42,700.0000,Perfect,28.7941,7.9933,9.8725,11.2499,6.2552,12.8720,29.0752,2.9810,1.1158,19.2964,7.2964
8,13.0000,43,716.7000,Perfect,29.4555,8.1345,9.6959,11.0406,6.2679,12.6958,29.5842,3.0597,1.1238,19.2921,7.2921
8,13.0000,44,733.3000,Perfect,30.1045,8.2721,9.5156,10.8301,6.2728,12.5156,30.0795,3.1384,1.1310,19.2707,7.2707
8,13.0000,45,750.0000,Perfect,30.7410,8.4062,9.3316,10.6185,6.2700,12.3315,30.5608,3.2172,1.1373,19.2330,7.2330
8,13.0000,46,766.7000,Perfect,31.3648,8.5368,9.1442,10.4061,6.2594,12.1436,31.0276,3.2958,1.1429,19.1798,7.1798
8,13.0000,47,783.3000,Perfect,31.9755,8.6638,8.9534,10.1930,6.2413,11.9520,31.4797,3.3742,1.1477,19.1120,7.1120
8,13.0000,48,800.0000,Perfect,32.5729,8.7872,8.7592,9.9795,6.2157,11.7570,31.9166,3.4521,1.1517,19.0302,7.0302
8,13.0000,49,816.7000,Perfect,33.1569,8.9071,8.5618,9.7658,6.1827,11.5584,32.3379,3.5295,1.1549,18.9353,6.9353
8,13.0000,50,833.3000,Perfect,33.7272,9.0234,8.3613,9.5521,6.1425,11.3566,32.7433,3.6063,1.1573,18.8282,6.8282
8,13.0000,51,850.0000,Perfect,34.2837,9.1361,8.1577,9.3384,6.0951,11.1515,33.1323,3.6824,1.1590,18.7096,6.7096
8,13.0000,52,866.7000,Perfect,34.8260,9.2452,7.9511,9.1251,6.0408,10.9434,33.5045,3.7575,1.1600,18.5803,6.5803
8,13.0000,53,883.3000,Good,35.3541,9.3508,7.7417,7.6131,5.2296,9.2363,34.4858,3.8317,1.0922,16.4160,4.4160
8,13.0000,54,900.0000,Good,35.8677,9.4528,7.5296,7.4008,5.1617,9.0230,34.8939,3.9048,1.0921,16.2855,4.2855
8,13.0000,55,916.7000,Good,36.3666,9.5513,7.3147,7.1892,5.0873,8.8071,35.2844,3.9766,1.0914,16.1473,4.1473
8,13.0000,56,933.3000,Good,36.8507,9.6462,7.0973,6.9783,5.0065,8.5885,35.6570,4.0472,1.0900,16.0023,4.0023
8,13.0000,57,950.0000,Good,37.3198,9.7377,6.8774,6.7684,4.9195,8.3674,36.0110,4.1163,1.0879,15.8511,3.8511
8,13.0000,58,966.7000,Good,37.7737,9.8256,6.6551,6.5595,4.8266,8.1439,36.3462,4.1839,1.0852,15.6942,3.6942
8,13.0000,59,983.3000,Good,38.2124,9.9101,6.4305,6.3517,4.7278,7.9180,36.6617,4.2499,1.0820,15.5323,3.5323
8,13.0000,60,1000.0000,Good,38.6355,9.9911,6.2037,6.1450,4.6234,7.6900,36.9572,4.3141,1.0781,15.3661,3.3661
8,13.0000,61,1016.7000,Good,39.0430,10.0687,5.9748,6.0000,4.5135,7.5081,36.9526,4.3766,1.0737,15.2609,3.2609
8,13.0000,62,1033.3000,Good,39.4348,10.1428,5.7438,6.0000,4.3985,7.4395,36.2444,4.4371,1.0688,15.3054,3.3054
8,13.0000,63,1050.0000,Good,39.8107,10.2135,5.5109,6.0000,4.2784,7.3692,35.4913,4.4957,1.0633,15.3434,3.3434
8,13.0000,64,1066.7000,Good,40.1706,10.2809,5.2762,6.0000,4.1535,7.2973,34.6927,4.5522,1.0573,15.3750,3.3750
8,13.0000,65,1083.3000,Good,40.5144,10.3449,5.0396,6.0000,4.0239,7.2244,33.8480,4.6066,1.0509,15.4004,3.4004
8,13.0000,66,1100.0000,Good,40.8419,10.4056,4.8014,6.0000,3.8900,7.1507,32.9567,4.6588,1.0440,15.4198,3.4198
8,13.0000,67,1116.7000,Good,41.1530,10.4630,4.5616,6.0000,3.7519,7.0765,32.0183,4.7086,1.0367,15.4333,3.4333
8,13.0000,68,1133.3000,Good,41.4477,10.5171,4.3203,6.0000,3.6098,7.0022,31.0324,4.7562,1.0290,15.4411,3.4411
8,13.0000,69,1150.0000,Good,41.7258,10.5679,4.0776,6.0000,3.4639,6.9281,29.9988,4.8013,1.0209,15.4432,3.4432
8,13.0000,70,1166.7000,Good,41.9873,10.6155,3.8336,6.0000,3.3145,6.8546,28.9173,4.8439,1.0124,15.4399,3.4399
8,13.0000,71,1183.3000,Good,42.2321,10.6599,3.5883,6.0000,3.1618,6.7821,27.7879,4.8840,1.0036,15.4313,3.4313
8,13.0000,72,1200.0000,Good,42.4600,10.7011,3.3419,6.0000,3.0060,6.7109,26.6109,4.9215,0.9944,15.4175,3.4175
8,13.0000,73,1216.7000,Good,42.6711,10.7390,3.0943,6.0000,2.8473,6.6413,25.3867,4.9564,0.9849,15.3987,3.3987
8,13.0000,74,1233.3000,Good,42.8652,10.7739,2.8458,6.0000,2.6859,6.5738,24.1159,4.9886,0.9752,15.3750,3.3750
8,13.0000,75,1250.0000,Good,43.0423,10.8055,2.5964,6.0000,2.5221,6.5085,22.7996,5.0181,0.9652,15.3465,3.3465
8,13.0000,76,1266.7000,Good,43.2023,10.8341,2.3461,6.0000,2.3561,6.4460,21.4390,5.0448,0.9549,15.3135,3.3135
8,13.0000,77,1283.3000,Good,43.3452,10.8595,2.0951,6.0000,2.1881,6.3865,20.0357,5.0688,0.9444,15.2759,3.2759
8,13.0000,78,1300.0000,Good,43.4709,10.8818,1.8434,6.0000,2.0182,6.3303,18.5916,5.0899,0.9337,15.2340,3.2340
8,13.0000,79,1316.7000,Good,43.5795,10.9010,1.5912,6.0000,2.0000,6.3246,18.4349,5.1081,0.9338,15.2538,3.2538
8,13.0000,80,1333.3000,Good,43.6708,10.9172,1.3384,6.0000,2.0000,6.3246,18.4349,5.1235,0.9350,15.2771,3.2771
8,13.0000,81,1350.0000,Good,43.7448,10.9303,1.0852,6.0000,2.0000,6.3246,18.4349,5.1360,0.9359,15.2959,3.2959
8,13.0000,82,1366.7000,Good,43.8015,10.9403,0.8317,6.0000,2.0000,6.3246,18.4349,5.1456,0.9367,15.3104,3.3104
8,13.0000,83,1383.3000,Good,43.8409,10.9472,0.5779,6.0000,2.0000,6.3246,18.4349,5.1523,0.9372,15.3204,3.3204
8,13.0000,84,1400.0000,Good,43.8630,10.9511,0.3239,6.0000,2.0000,6.3246,18.4349,5.1560,0.9375,15.3260,3.3260
8,13.0000,85,1416.7000,Good,43.8678,10.9520,0.0698,6.0000,2.0000,6.3246,18.4349,5.1568,0.9375,15.3272,3.3272
8,13.0000,85,1416.7000,Poor(auto),43.8552,10.9497,-0.1843,6.0000,2.0000,6.3246,18.4349,5.1547,0.9374,15.3240,3.3240
10,13.0000,27,450.0000,Good,17.5840,5.4795,12.0181,12.7556,4.3807,13.4869,18.9543,1.9042,0.8332,14.8580,2.8580
10,13.0000,28,466.7000,Good,18.3962,5.6682,11.9073,12.5979,4.5078,13.3801,19.6883,1.9654,0.8519,15.1500,3.1500
10,13.0000,29,483.3000,Good,19.2005,5.8543,11.7916,12.4347,4.6280,13.2680,20.4143,2.0288,0.8700,15.4223,3.4223
10,13.0000,30,500.0000,Good,19.9966,6.0375,11.6710,12.2665,4.7411,13.1508,21.1319,2.0940,0.8876,15.6746,3.6746
10,13.0000,31,516.7000,Good,20.7841,6.2179,11.5456,12.0933,4.8469,13.0285,21.8407,2.1611,0.9045,15.9065,3.9065
10,13.0000,32,533.3000,Good,21.5628,6.3953,11.4155,11.9157,4.9454,12.9012,22.5403,2.2298,0.9209,16.1179,4.1179
10,13.0000,33,550.0000,Good,22.3322,6.5697,11.2808,11.7337,5.0364,12.7689,23.2303,2.3001,0.9365,16.3088,4.3088
10,13.0000,34,566.7000,Good,23.0922,6.7410,11.1415,11.5478,5.1198,12.6319,23.9105,2.3717,0.9515,16.4792,4.4792
10,13.0000,35,583.3000,Good,23.8423,6.9091,10.9976,11.3582,5.1955,12.4900,24.5804,2.4447,0.9658,16.6292,4.6292
10,13.0000,36,600.0000,Good,24.5823,7.0740,10.8494,11.1651,5.2634,12.3435,25.2397,2.5189,0.9794,16.7592,4.7592
10,13.0000,37,616.7000,Good,25.3120,7.2357,10.6969,10.9690,5.3234,12.1925,25.8881,2.5941,0.9922,16.8694,4.8694
10,13.0000,38,633.3000,Good,26.0309,7.3940,10.5401,10.7700,5.3756,12.0370,26.5251,2.6702,1.0043,16.9602,4.9602
10,13.0000,39,650.0000,Good,26.7389,7.5489,10.3792,10.5684,5.4199,11.8771,27.1505,2.7471,1.0156,17.0321,5.0321
10,13.0000,40,666.7000,Good,27.4356,7.7005,10.2142,10.3645,5.4562,11.7129,27.7639,2.8246,1.0261,17.0857,5.0857
10,13.0000,41,683.3000,Good,28.1207,7.8486,10.0453,10.1586,5.4847,11.5446,28.3649,2.9026,1.0359,17.1214,5.1214
10,13.0000,42,700.0000,Perfect,28.7941,7.9933,9.8725,11.2499,6.2552,12.8720,29.0752,2.9810,1.1158,19.2964,7.2964
10,13.0000,43,716.7000,Perfect,29.4555,8.1345,9.6959,11.0406,6.2679,12.6958,29.5842,3.0597,1.1238,19.2921,7.2921
10,13.0000,44,733.3000,Perfect,30.1045,8.2721,9.5156,10.8301,6.2728,12.5156,30.0795,3.1384,1.1310,19.2707,7.2707
10,13.0000,45,750.0000,Perfect,30.7410,8.4062,9.3316,10.6185,6.2700,12.3315,30.5608,3.2172,1.1373,19.2330,7.2330
10,13.0000,46,766.7000,Perfect,31.3648,8.5368,9.1442,10.4061,6.2594,12.1436,31.0276,3.2958,1.1429,19.1798,7.1798
10,13.0000,47,783.3000,Perfect,31.9755,8.6638,8.9534,10.1930,6.2413,11.9520,31.4797,3.3742,1.1477,19.1120,7.1120
10,13.0000,48,800.0000,Perfect,32.5729,8.7872,8.7592,9.9795,6.2157,11.7570,31.9166,3.4521,1.1517,19.0302,7.0302
10,13.0000,49,816.7000,Perfect,33.1569,8.9071,8.5618,9.7658,6.1827,11.5584,32.3379,3.5295,1.1549,18.9353,6.9353
10,13.0000,50,833.3000,Perfect,33.7272,9.0234,8.3613,9.5521,6.1425,11.3566,32.7433,3.6063,1.1573,18.8282,6.8282
10,13.0000,51,850.0000,Perfect,34.2837,9.1361,8.1577,9.3384,6.0951,11.1515,33.1323,3.6824,1.1590,18.7096,6.7096
10,13.0000,52,866.7000,Perfect,34.8260,9.2452,7.9511,9.1251,6.0408,10.9434,33.5045,3.7575,1.1600,18.5803,6.5803
10,13.0000,53,883.3000,Good,35.3541,9.3508,7.7417,7.6131,5.2296,9.2363,34.4858,3.8317,1.0922,16.4160,4.4160
10,13.0000,54,900.0000,Good,35.8677,9.4528,7.5296,7.4008,5.1617,9.0230,34.8939,3.9048,1.0921,16.2855,4.2855
10,13.0000,55,916.7000,Good,36.3666,9.5513,7.3147,7.1892,5.0873,8.8071,35.2844,3.9766,1.0914,16.1473,4.1473
10,13.0000,56,933.3000,Good,36.8507,9.6462,7.0973,6.9783,5.0065,8.5885,35.6570,4.0472,1.0900,16.0023,4.0023
10,13.0000,57,950.0000,Good,37.3198,9.7377,6.8774,6.7684,4.9195,8.3674,36.0110,4.1163,1.0879,15.8511,3.8511
10,13.0000,58,966.7000,Good,37.7737,9.8256,6.6551,6.5595,4.8266,8.1439,36.3462,4.1839,1.0852,15.6942,3.6942
10,13.0000,59,983.3000,Good,38.2124,9.9101,6.4305,6.3517,4.7278,7.9180,36.6617,4.2499,1.0820,15.5323,3.5323
10,13.0000,60,1000.0000,Good,38.6355,9.9911,6.2037,6.1450,4.6234,7.6900,36.9572,4.3141,1.0781,15.3661,3.3661
10,13.0000,61,1016.7000,Good,39.0430,10.0687,5.9748,6.0000,4.5135,7.5081,36.9526,4.3766,1.0737,15.2609,3.2609
10,13.0000,62,1033.3000,Good,39.4348,10.1428,5.7438,6.0000,4.3985,7.4395,36.2444,4.4371,1.0688,15.3054,3.3054
10,13.0000,63,1050.0000,Good,39.8107,10.2135,5.5109,6.0000,4.2784,7.3692,35.4913,4.4957,1.0633,15.3434,3.3434
10,13.0000,64,1066.7000,Good,40.1706,10.2809,5.2762,6.0000,4.1535,7.2973,34.6927,4.5522,1.0573,15.3750,3.3750
10,13.0000,65,1083.3000,Good,40.5144,10.3449,5.0396,6.0000,4.0239,7.2244,33.8480,4.6066,1.0509,15.4004,3.4004
10,13.0000,66,1100.0000,Good,40.8419,10.4056,4.8014,6.0000,3.8900,7.1507,32.9567,4.6588,1.0440,15.4198,3.4198
10,13.0000,67,1116.7000,Good,41.1530,10.4630,4.5616,6.0000,3.7519,7.0765,32.0183,4.7086,1.0367,15.4333,3.4333
10,13.0000,68,1133.3000,Good,41.4477,10.5171,4.3203,6.0000,3.6098,7.0022,31.0324,4.7562,1.0290,15.4411,3.4411
10,13.0000,69,1150.0000,Good,41.7258,10.5679,4.0776,6.0000,3.4639,6.9281,29.9988,4.8013,1.0209,15.4432,3.4432
10,13.0000,70,1166.7000,Good,41.9873,10.6155,3.8336,6.0000,3.3145,6.8546,28.9173,4.8439,1.0124,15.4399,3.4399
10,13.0000,71,1183.3000,Good,42.2321,10.6599,3.5883,6.0000,3.1618,6.7821,27.7879,4.8840,1.0036,15.4313,3.4313
10,13.0000,72,1200.0000,Good,42.4600,10.7011,3.3419,6.0000,3.0060,6.7109,26.6109,4.9215,0.9944,15.4175,3.4175
10,13.0000,73,1216.7000,Good,42.6711,10.7390,3.0943,6.0000,2.8473,6.6413,25.3867,4.9564,0.9849,15.3987,3.3987
10,13.0000,74,1233.3000,Good,42.8652,10.7739,2.8458,6.0000,2.6859,6.5738,24.1159,4.9886,0.9752,15.3750,3.3750
10,13.0000,75,1250.0000,Good,43.0423,10.8055,2.5964,6.0000,2.5221,6.5085,22.7996,5.0181,0.9652,15.3465,3.3465
10,13.0000,76,1266.7000,Good,43.2023,10.8341,2.3461,6.0000,2.3561,6.4460,21.4390,5.0448,0.9549,15.3135,3.3135
10,13.0000,77,1283.3000,Good,43.3452,10.8595,2.0951,6.0000,2.1881,6.3865,20.0357,5.0688,0.9444,15.2759,3.2759
10,13.0000,78,1300.0000,Good,43.4709,10.8818,1.8434,6.0000,2.0182,6.3303,18.5916,5.0899,0.9337,15.2340,3.2340
10,13.0000,79,1316.7000,Good,43.5795,10.9010,1.5912,6.0000,2.0000,6.3246,18.4349,5.1081,0.9338,15.2538,3.2538
10,13.0000,80,1333.3000,Good,43.6708,10.9172,1.3384,6.0000,2.0000,6.3246,18.4349,5.1235,0.9350,15.2771,3.2771
10,13.0000,81,1350.0000,Good,43.7448,10.9303,1.0852,6.0000,2.0000,6.3246,18.4349,5.1360,0.9359,15.2959,3.2959
10,13.0000,82,1366.7000,Good,43.8015,10.9403,0.8317,6.0000,2.0000,6.3246,18.4349,5.1456,0.9367,15.3104,3.3104
10,13.0000,83,1383.3000,Good,43.8409,10.9472,0.5779,6.0000,2.0000,6.3246,18.4349,5.1523,0.9372,15.3204,3.3204
10,13.0000,84,1400.0000,Good,43.8630,10.9511,0.3239,6.0000,2.0000,6.3246,18.4349,5.1560,0.9375,15.3260,3.3260
10,13.0000,85,1416.7000,Good,43.8678,10.9520,0.0698,6.0000,2.0000,6.3246,18.4349,5.1568,0.9375,15.3272,3.3272
10,13.0000,85,1416.7000,Poor(auto),43.8552,10.9497,-0.1843,6.0000,2.0000,6.3246,18.4349,5.1547,0.9374,15.3240,3.3240
12,13.0000,27,450.0000,Good,17.5840,5.4795,12.0181,12.7556,4.3807,13.4869,18.9543,1.9042,0.8332,14.8580,2.8580
12,13.0000,28,466.7000,Good,18.3962,5.6682,11.9073,12.5979,4.5078,13.3801,19.6883,1.9654,0.8519,15.1500,3.1500
12,13.0000,29,483.3000,Good,19.2005,5.8543,11.7916,12.4347,4.6280,13.2680,20.4143,2.0288,0.8700,15.4223,3.4223
12,13.0000,30,500.0000,Good,19.9966,6.0375,11.6710,12.2665,4.7411,13.1508,21.1319,2.0940,0.8876,15.6746,3.6746
12,13.0000,31,516.7000,Good,20.7841,6.2179,11.5456,12.0933,4.8469,13.0285,21.8407,2.1611,0.9045,15.9065,3.9065
12,13.0000,32,533.3000,Good,21.5628,6.3953,11.4155,11.9157,4.9454,12.9012,22.5403,2.2298,0.9209,16.1179,4.1179
12,13.0000,33,550.0000,Good,22.3322,6.5697,11.2808,11.7337,5.0364,12.7689,23.2303,2.3001,0.9365,16.3088,4.3088
12,13.0000,34,566.7000,Good,23.0922,6.7410,11.1415,11.5478,5.1198,12.6319,23.9105,2.3717,0.9515,16.4792,4.4792
12,13.0000,35,583.3000,Good,23.8423,6.9091,10.9976,11.3582,5.1955,12.4900,24.5804,2.4447,0.9658,16.6292,4.6292
12,13.0000,36,600.0000,Good,24.5823,7.0740,10.8494,11.1651,5.2634,12.3435,25.2397,2.5189,0.9794,16.7592,4.7592
12,13.0000,37,616.7000,Good,25.3120,7.2357,10.6969,10.9690,5.3234,12.1925,25.8881,2.5941,0.9922,16.8694,4.8694
12,13.0000,38,633.3000,Good,26.0309,7.3940,10.5401,10.7700,5.3756,12.0370,26.5251,2.6702,1.0043,16.9602,4.9602
12,13.0000,39,650.0000,Good,26.7389,7.5489,10.3792,10.5684,5.4199,11.8771,27.1505,2.7471,1.0156,17.0321,5.0321
12,13.0000,40,666.7000,Good,27.4356,7.7005,10.2142,10.3645,5.4562,11.7129,27.7639,2.8246,1.0261,17.0857,5.0857
12,13.0000,41,683.3000,Good,28.1207,7.8486,10.0453,10.1586,5.4847,11.5446,28.3649,2.9026,1.0359,17.1214,5.1214
12,13.0000,42,700.0000,Perfect,28.7941,7.9933,9.8725,11.2499,6.2552,12.8720,29.0752,2.9810,1.1158,19.2964,7.2964
12,13.0000,43,716.7000,Perfect,29.4555,8.1345,9.6959,11.0406,6.2679,12.6958,29.5842,3.0597,1.1238,19.2921,7.2921
12,13.0000,44,733.3000,Perfect,30.1045,8.2721,9.5156,10.8301,6.2728,12.5156,30.0795,3.1384,1.1310,19.2707,7.2707
12,13.0000,45,750.0000,Perfect,30.7410,8.4062,9.3316,10.6185,6.2700,12.3315,30.5608,3.2172,1.1373,19.2330,7.2330
12,13.0000,46,766.7000,Perfect,31.3648,8.5368,9.1442,10.4061,6.2594,12.1436,31.0276,3.2958,1.1429,19.1798,7.1798
12,13.0000,47,783.3000,Perfect,31.9755,8.6638,8.9534,10.1930,6.2413,11.9520,31.4797,3.3742,1.1477,19.1120,7.1120
12,13.0000,48,800.0000,Perfect,32.5729,8.7872,8.7592,9.9795,6.2157,11.7570,31.9166,3.4521,1.1517,19.0302,7.0302
12,13.0000,49,816.7000,Perfect,33.1569,8.9071,8.5618,9.7658,6.1827,11.5584,32.3379,3.5295,1.1549,18.9353,6.9353
12,13.0000,50,833.3000,Perfect,33.7272,9.0234,8.3613,9.5521,6.1425,11.3566,32.7433,3.6063,1.1573,18.8282,6.8282
12,13.0000,51,850.0000,Perfect,34.2837,9.1361,8.1577,9.3384,6.0951,11.1515,33.1323,3.6824,1.1590,18.7096,6.7096
12,13.0000,52,866.7000,Perfect,34.8260,9.2452,7.9511,9.1251,6.0408,10.9434,33.5045,3.7575,1.1600,18.5803,6.5803
12,13.0000,53,883.3000,Good,35.3541,9.3508,7.7417,7.6131,5.2296,9.2363,34.4858,3.8317,1.0922,16.4160,4.4160
12,13.0000,54,900.0000,Good,35.8677,9.4528,7.5296,7.4008,5.1617,9.0230,34.8939,3.9048,1.0921,16.2855,4.2855
12,13.0000,55,916.7000,Good,36.3666,9.5513,7.3147,7.1892,5.0873,8.8071,35.2844,3.9766,1.0914,16.1473,4.1473
12,13.0000,56,933.3000,Good,36.8507,9.6462,7.0973,6.9783,5.0065,8.5885,35.6570,4.0472,1.0900,16.0023,4.0023
12,13.0000,57,950.0000,Good,37.3198,9.7377,6.8774,6.7684,4.9195,8.3674,36.0110,4.1163,1.0879,15.8511,3.8511
12,13.0000,58,966.7000,Good,37.7737,9.8256,6.6551,6.5595,4.8266,8.1439,36.3462,4.1839,1.0852,15.6942,3.6942
12,13.0000,59,983.3000,Good,38.2124,9.9101,6.4305,6.3517,4.7278,7.9180,36.6617,4.2499,1.0820,15.5323,3.5323
12,13.0000,60,1000.0000,Good,38.6355,9.9911,6.2037,6.1450,4.6234,7.6900,36.9572,4.3141,1.0781,15.3661,3.3661
12,13.0000,61,1016.7000,Good,39.0430,10.0687,5.9748,6.0000,4.5135,7.5081,36.9526,4.3766,1.0737,15.2609,3.2609
12,13.0000,62,1033.3000,Good,39.4348,10.1428,5.7438,6.0000,4.3985,7.4395,36.2444,4.4371,1.0688,15.3054,3.3054
12,13.0000,63,1050.0000,Good,39.8107,10.2135,5.5109,6.0000,4.2784,7.3692,35.4913,4.4957,1.0633,15.3434,3.3434
12,13.0000,64,1066.7000,Good,40.1706,10.2809,5.2762,6.0000,4.1535,7.2973,34.6927,4.5522,1.0573,15.3750,3.3750
12,13.0000,65,1083.3000,Good,40.5144,10.3449,5.0396,6.0000,4.0239,7.2244,33.8480,4.6066,1.0509,15.4004,3.4004
12,13.0000,66,1100.0000,Good,40.8419,10.4056,4.8014,6.0000,3.8900,7.1507,32.9567,4.6588,1.0440,15.4198,3.4198
12,13.0000,67,1116.7000,Good,41.1530,10.4630,4.5616,6.0000,3.7519,7.0765,32.0183,4.7086,1.0367,15.4333,3.4333
12,13.0000,68,1133.3000,Good,41.4477,10.5171,4.3203,6.0000,3.6098,7.0022,31.0324,4.7562,1.0290,15.4411,3.4411
12,13.0000,69,1150.0000,Good,41.7258,10.5679,4.0776,6.0000,3.4639,6.9281,29.9988,4.8013,1.0209,15.4432,3.4432
12,13.0000,70,1166.7000,Good,41.9873,10.6155,3.8336,6.0000,3.3145,6.8546,28.9173,4.8439,1.0124,15.4399,3.4399
12,13.0000,71,1183.3000,Good,42.2321,10.6599,3.5883,6.0000,3.1618,6.7821,27.7879,4.8840,1.0036,15.4313,3.4313
12,13.0000,72,1200.0000,Good,42.4600,10.7011,3.3419,6.0000,3.0060,6.7109,26.6109,4.9215,0.9944,15.4175,3.4175
12,13.0000,73,1216.7000,Good,42.6711,10.7390,3.0943,6.0000,2.8473,6.6413,25.3867,4.9564,0.9849,15.3987,3.3987
12,13.0000,74,1233.3000,Good,42.8652,10.7739,2.8458,6.0000,2.6859,6.5738,24.1159,4.9886,0.9752,15.3750,3.3750
12,13.0000,75,1250.0000,Good,43.0423,10.8055,2.5964,6.0000,2.5221,6.5085,22.7996,5.0181,0.9652,15.3465,3.3465
12,13.0000,76,1266.7000,Good,43.2023,10.8341,2.3461,6.0000,2.3561,6.4460,21.4390,5.0448,0.9549,15.3135,3.3135
12,13.0000,77,1283.3000,Good,43.3452,10.8595,2.0951,6.0000,2.1881,6.3865,20.0357,5.0688,0.9444,15.2759,3.2759
12,13.0000,78,1300.0000,Good,43.4709,10.8818,1.8434,6.0000,2.0182,6.3303,18.5916,5.0899,0.9337,15.2340,3.2340
12,13.0000,79,1316.7000,Good,43.5795,10.9010,1.5912,6.0000,2.0000,6.3246,18.4349,5.1081,0.9338,15.2538,3.2538
12,13.0000,80,1333.3000,Good,43.6708,10.9172,1.3384,6.0000,2.0000,6.3246,18.4349,5.1235,0.9350,15.2771,3.2771
12,13.0000,81,1350.0000,Good,43.7448,10.9303,1.0852,6.0000,2.0000,6.3246,18.4349,5.1360,0.9359,15.2959,3.2959
12,13.0000,82,1366.7000,Good,43.8015,10.9403,0.8317,6.0000,2.0000,6.3246,18.4349,5.1456,0.9367,15.3104,3.3104
12,13.0000,83,1383.3000,Good,43.8409,10.9472,0.5779,6.0000,2.0000,6.3246,18.4349,5.1523,0.9372,15.3204,3.3204
12,13.0000,84,1400.0000,Good,43.8630,10.9511,0.3239,6.0000,2.0000,6.3246,18.4349,5.1560,0.9375,15.3260,3.3260
12,13.0000,85,1416.7000,Good,43.8678,10.9520,0.0698,6.0000,2.0000,6.3246,18.4349,5.1568,0.9375,15.3272,3.3272
12,13.0000,85,1416.7000,Poor(auto),43.8552,10.9497,-0.1843,6.0000,2.0000,6.3246,18.4349,5.1547,0.9374,15.3240,3.3240
14,14,27,450.0000,Good,19.2726,5.8709,12.8824,13.4595,5.0020,14.3589,20.3868,2.0346,0.9060,16.8148,4.8148
14,14,28,466.7000,Good,20.1431,6.0711,12.7614,13.2799,5.1446,14.2416,21.1762,2.1063,0.9271,17.1325,5.1325
14,14,29,483.3000,Good,21.0049,6.2683,12.6351,13.0946,5.2790,14.1186,21.9567,2.1803,0.9475,17.4256,5.4256
14,14,30,500.0000,Good,21.8578,6.4623,12.5037,12.9039,5.4052,13.9902,22.7279,2.2564,0.9673,17.6935,5.6935
14,14,31,516.7000,Good,22.7013,6.6530,12.3672,12.7081,5.5228,13.8564,23.4893,2.3346,0.9862,17.9364,5.9364
14,14,32,533.3000,Good,23.5352,6.8404,12.2257,12.5077,5.6319,13.7172,24.2407,2.4146,1.0045,18.1540,6.1540
14,14,33,550.0000,Good,24.3591,7.0244,12.0793,12.3030,5.7322,13.5728,24.9816,2.4963,1.0219,18.3465,6.3465
14,14,34,566.7000,Good,25.1727,7.2049,11.9280,12.0943,5.8236,13.4233,25.7115,2.5796,1.0385,18.5142,6.5142
14,14,35,583.3000,Good,25.9757,7.3819,11.7721,11.8819,5.9061,13.2688,26.4303,2.6643,1.0542,18.6575,6.6575
14,14,36,600.0000,Good,26.7677,7.5552,11.6115,11.6662,5.9795,13.1094,27.1374,2.7502,1.0690,18.7767,6.7767
14,14,37,616.7000,Good,27.5485,7.7250,11.4463,11.4476,6.0439,12.9451,27.8325,2.8373,1.0830,18.8725,6.8725
14,14,38,633.3000,Good,28.3177,7.8910,11.2768,11.2263,6.0992,12.7762,28.5151,2.9254,1.0960,18.9455,6.9455
14,14,39,650.0000,Good,29.0750,8.0534,11.1028,11.0027,6.1455,12.6027,29.1851,3.0142,1.1082,18.9964,6.9964
14,14,40,666.7000,Good,29.8201,8.2119,10.9246,10.7772,6.1826,12.4246,29.8418,3.1037,1.1194,19.0259,7.0259
14,14,41,683.3000,Good,30.5529,8.3667,10.7423,10.5499,6.2107,12.2423,30.4851,3.1938,1.1297,19.0350,7.0350
14,14,42,700.0000,Perfect,31.2729,8.5176,10.5559,11.6203,6.9797,13.5553,30.9912,3.2841,1.2114,21.3439,9.3439
14,14,43,716.7000,Perfect,31.9799,8.6647,10.3656,11.3905,6.9898,13.3642,31.5355,3.3747,1.2196,21.3067,9.3067
14,14,44,733.3000,Perfect,32.6737,8.8080,10.1714,11.1599,6.9911,13.1689,32.0648,3.4654,1.2269,21.2505,9.2505
14,14,45,750.0000,Perfect,33.3540,8.9473,9.9734,10.9288,6.9835,12.9695,32.5786,3.5559,1.2333,21.1762,9.1762
14,14,46,766.7000,Perfect,34.0205,9.0829,9.7718,10.6973,6.9672,12.7662,33.0764,3.6463,1.2388,21.0850,9.0850
14,14,47,783.3000,Perfect,34.6730,9.2145,9.5667,10.4658,6.9424,12.5591,33.5579,3.7362,1.2434,20.9778,8.9778
14,14,48,800.0000,Perfect,35.3113,9.3423,9.3581,10.2345,6.9092,12.3483,34.0227,3.8257,1.2471,20.8557,8.8557
14,14,49,816.7000,Perfect,35.9352,9.4662,9.1462,10.0036,6.8676,12.1340,34.4702,3.9145,1.2499,20.7198,8.7198
14,14,50,833.3000,Perfect,36.5444,9.5862,8.9310,9.7732,6.8179,11.9163,34.9001,4.0025,1.2519,20.5711,8.5711
14,14,51,850.0000,Perfect,37.1386,9.7024,8.7126,9.5436,6.7602,11.6953,35.3119,4.0895,1.2530,20.4106,8.4106
14,14,52,866.7000,Perfect,37.7178,9.8148,8.4913,9.3150,6.6947,11.4712,35.7051,4.1755,1.2533,20.2392,8.2392
14,14,53,883.3000,Good,38.2817,9.9234,8.2670,7.7884,5.8716,9.7537,37.0124,4.2604,1.1838,17.8934,5.8934
14,14,54,900.0000,Good,38.8301,10.0282,8.0398,7.5621,5.7911,9.5248,37.4449,4.3439,1.1829,17.7235,5.7235
14,14,55,916.7000,Good,39.3628,10.1292,7.8099,7.3372,5.7033,9.2931,37.8581,4.4260,1.1813,17.5464,5.5464
14,14,56,933.3000,Good,39.8797,10.2265,7.5773,7.1138,5.6084,9.0588,38.2516,4.5065,1.1789,17.3629,5.3629
14,14,57,950.0000,Good,40.3805,10.3200,7.3422,6.8921,5.5067,8.8218,38.6248,4.5854,1.1758,17.1738,5.1738
14,14,58,966.7000,Good,40.8651,10.4099,7.1047,6.6720,5.3985,8.5825,38.9771,4.6625,1.1721,16.9799,4.9799
14,14,59,983.3000,Good,41.3333,10.4961,6.8648,6.4537,5.2838,8.3408,39.3080,4.7377,1.1677,16.7818,4.7818
14,14,60,1000.0000,Good,41.7850,10.5787,6.6226,6.2372,5.1629,8.0968,39.6166,4.8109,1.1626,16.5802,4.5802
14,14,61,1016.7000,Good,42.2201,10.6577,6.3783,6.0226,5.0361,7.8507,39.9023,4.8820,1.1570,16.3757,4.3757
14,14,62,1033.3000,Good,42.6384,10.7332,6.1319,6.0000,4.9036,7.7489,39.2578,4.9510,1.1507,16.3876,4.3876
14,14,63,1050.0000,Good,43.0397,10.8051,5.8835,6.0000,4.7655,7.6623,38.4586,5.0177,1.1440,16.4189,4.4189
14,14,64,1066.7000,Good,43.4239,10.8735,5.6333,6.0000,4.6223,7.5740,37.6099,5.0820,1.1367,16.4434,4.4434
14,14,65,1083.3000,Good,43.7910,10.9384,5.3813,6.0000,4.4740,7.4844,36.7106,5.1438,1.1288,16.4615,4.4615
14,14,66,1100.0000,Good,44.1407,10.9999,5.1275,6.0000,4.3209,7.3939,35.7596,5.2032,1.1205,16.4732,4.4732
14,14,67,1116.7000,Good,44.4730,11.0580,4.8722,6.0000,4.1633,7.3029,34.7561,5.2599,1.1118,16.4788,4.4788
14,14,68,1133.3000,Good,44.7878,11.1128,4.6153,6.0000,4.0014,7.2119,33.6992,5.3139,1.1026,16.4784,4.4784
14,14,69,1150.0000,Good,45.0850,11.1642,4.3570,6.0000,3.8354,7.1211,32.5881,5.3652,1.0930,16.4722,4.4722
14,14,70,1166.7000,Good,45.3645,11.2123,4.0973,6.0000,3.6656,7.0311,31.4222,5.4137,1.0830,16.4605,4.4605
14,14,71,1183.3000,Good,45.6262,11.2571,3.8364,6.0000,3.4922,6.9423,30.2010,5.4593,1.0727,16.4433,4.4433
14,14,72,1200.0000,Good,45.8700,11.2987,3.5743,6.0000,3.3155,6.8551,28.9243,5.5020,1.0620,16.4208,4.4208
14,14,73,1216.7000,Good,46.0958,11.3370,3.3111,6.0000,3.1357,6.7700,27.5921,5.5416,1.0510,16.3932,4.3932
14,14,74,1233.3000,Good,46.3036,11.3722,3.0469,6.0000,2.9530,6.6873,26.2047,5.5783,1.0398,16.3607,4.3607
14,14,75,1250.0000,Good,46.4934,11.4041,2.7818,6.0000,2.7677,6.6076,24.7627,5.6119,1.0282,16.3233,4.3233
14,14,76,1266.7000,Good,46.6650,11.4330,2.5159,6.0000,2.5799,6.5312,23.2673,5.6423,1.0164,16.2814,4.2814
14,14,77,1283.3000,Good,46.8184,11.4586,2.2492,6.0000,2.3901,6.4585,21.7198,5.6696,1.0044,16.2349,4.2349
14,14,78,1300.0000,Good,46.9536,11.4812,1.9818,6.0000,2.1983,6.3900,20.1222,5.6937,0.9921,16.1841,4.1841
14,14,79,1316.7000,Good,47.0705,11.5007,1.7139,6.0000,2.0049,6.3261,18.4769,5.7146,0.9797,16.1290,4.1290
14,14,80,1333.3000,Good,47.1691,11.5171,1.4454,6.0000,2.0000,6.3246,18.4349,5.7323,0.9807,16.1511,4.1511
14,14,81,1350.0000,Good,47.2493,11.5304,1.1765,6.0000,2.0000,6.3246,18.4349,5.7467,0.9817,16.1707,4.1707
14,14,82,1366.7000,Good,47.3112,11.5407,0.9072,6.0000,2.0000,6.3246,18.4349,5.7578,0.9825,16.1858,4.1858
14,14,83,1383.3000,Good,47.3547,11.5479,0.6377,6.0000,2.0000,6.3246,18.4349,5.7656,0.9831,16.1964,4.1964
14,14,84,1400.0000,Good,47.3798,11.5520,0.3680,6.0000,2.0000,6.3246,18.4349,5.7701,0.9834,16.2026,4.2026
14,14,85,1416.7000,Good,47.3865,11.5531,0.0982,6.0000,2.0000,6.3246,18.4349,5.7713,0.9835,16.2042,4.2042
14,14,85,1416.7000,Poor(auto),47.3748,11.5512,-0.1716,6.0000,2.0000,6.3246,18.4349,5.7692,0.9834,16.2013,4.2013
16,16,27,450.0000,Good,22.6504,6.6415,14.6129,14.7849,6.3776,16.1017,23.3333,2.3298,1.0695,21.2039,9.2039
16,16,28,466.7000,Good,23.6376,6.8633,14.4717,14.5566,6.5524,15.9633,24.2342,2.4246,1.0957,21.5624,9.5624
16,16,29,483.3000,Good,24.6146,7.0812,14.3247,14.3221,6.7164,15.8187,25.1245,2.5222,1.1208,21.8839,9.8839
16,16,30,500.0000,Good,25.5813,7.2951,14.1720,14.0818,6.8693,15.6680,26.0039,2.6224,1.1450,22.1682,10.1682
16,16,31,516.7000,Good,26.5372,7.5049,14.0137,13.8363,7.0110,15.5112,26.8718,2.7250,1.1680,22.4157,10.4157
16,16,32,533.3000,Good,27.4818,7.7105,13.8498,13.5860,7.1413,15.3485,27.7279,2.8298,1.1899,22.6269,10.6269
16,16,33,550.0000,Good,28.4150,7.9120,13.6806,13.3315,7.2600,15.1801,28.5716,2.9367,1.2107,22.8024,10.8024
16,16,34,566.7000,Good,29.3362,8.1091,13.5062,13.0732,7.3671,15.0061,29.4026,3.0454,1.2303,22.9430,10.9430
16,16,35,583.3000,Good,30.2452,8.3018,13.3265,12.8115,7.4626,14.8265,30.2204,3.1557,1.2487,23.0498,11.0498
16,16,36,600.0000,Good,31.1416,8.4902,13.1418,12.5470,7.5464,14.6416,31.0247,3.2675,1.2659,23.1239,11.1239
16,16,37,616.7000,Good,32.0251,8.6741,12.9522,12.2801,7.6184,14.4514,31.8149,3.3806,1.2819,23.1664,11.1664
16,16,38,633.3000,Good,32.8953,8.8535,12.7578,12.0113,7.6788,14.2560,32.5908,3.4947,1.2967,23.1788,11.1788
16,16,39,650.0000,Good,33.7519,9.0284,12.5586,11.7409,7.7275,14.0557,33.3518,3.6097,1.3103,23.1625,11.1625
16,16,40,666.7000,Good,34.5946,9.1987,12.3549,11.4695,7.7647,13.8506,34.0975,3.7253,1.3227,23.1189,11.1189
16,16,41,683.3000,Good,35.4231,9.3645,12.1467,11.1973,7.7904,13.6407,34.8277,3.8415,1.3338,23.0496,11.0496
16,16,42,700.0000,Perfect,36.2371,9.5258,11.9342,12.2239,8.5546,14.9200,34.9854,3.9579,1.4182,25.6116,13.6116
16,16,43,716.7000,Perfect,37.0364,9.6825,11.7175,11.9516,8.5577,14.6995,35.6038,4.0745,1.4267,25.4837,13.4837
16,16,44,733.3000,Perfect,37.8206,9.8347,11.4966,11.6796,8.5496,14.4745,36.2045,4.1909,1.4340,25.3334,13.3334
16,16,45,750.0000,Perfect,38.5894,9.9823,11.2718,11.4085,8.5306,14.2452,36.7870,4.3071,1.4402,25.1624,13.1624
16,16,46,766.7000,Perfect,39.3426,10.1254,11.0431,11.1384,8.5008,14.0117,37.3508,4.4228,1.4452,24.9722,12.9722
16,16,47,783.3000,Perfect,40.0800,10.2640,10.8106,10.8698,8.4605,13.7743,37.8954,4.5380,1.4490,24.7646,12.7646
16,16,48,800.0000,Perfect,40.8013,10.3981,10.5745,10.6028,8.4098,13.5331,38.4203,4.6523,1.4518,24.5411,12.5411
16,16,49,816.7000,Perfect,41.5062,10.5278,10.3349,10.3377,8.3490,13.2881,38.9251,4.7656,1.4535,24.3034,12.3034
16,16,50,833.3000,Perfect,42.1946,10.6531,10.0919,10.0749,8.2783,13.0397,39.4091,4.8779,1.4541,24.0530,12.0530
16,16,51,850.0000,Perfect,42.8662,10.7740,9.8457,9.8144,8.1979,12.7878,39.8717,4.9888,1.4537,23.7913,11.7913
16,16,52,866.7000,Perfect,43.5207,10.8906,9.5962,9.5565,8.1081,12.5327,40.3125,5.0982,1.4523,23.5198,11.5198
16,16,53,883.3000,Good,44.1581,11.0030,9.3437,8.0024,7.2592,10.8044,42.2120,5.2061,1.3792,20.7902,8.7902
16,16,54,900.0000,Good,44.7780,11.1111,9.0883,7.7503,7.1514,10.5456,42.6987,5.3122,1.3764,20.5284,8.5284
16,16,55,916.7000,Good,45.3802,11.2150,8.8300,7.5012,7.0351,10.2840,43.1632,5.4164,1.3726,20.2614,8.2614
16,16,56,933.3000,Good,45.9647,11.3148,8.5691,7.2554,6.9104,10.0197,43.6049,5.5186,1.3680,19.9904,7.9904
16,16,57,950.0000,Good,46.5312,11.4105,8.3055,7.0128,6.7777,9.7528,44.0230,5.6186,1.3626,19.7164,7.7164
16,16,58,966.7000,Good,47.0796,11.5022,8.0393,6.7737,6.6372,9.4834,44.4170,5.7163,1.3564,19.4402,7.4402
16,16,59,983.3000,Good,47.6096,11.5900,7.7708,6.5380,6.4893,9.2117,44.7860,5.8115,1.3495,19.1628,7.1628
16,16,60,1000.0000,Good,48.1212,11.6738,7.5000,6.3057,6.3342,8.9378,45.1291,5.9042,1.3418,18.8849,6.8849
16,16,61,1016.7000,Good,48.6142,11.7538,7.2270,6.0770,6.1722,8.6618,45.4455,5.9942,1.3334,18.6072,6.6072
16,16,62,1033.3000,Good,49.0884,11.8301,6.9519,6.0000,6.0037,8.4879,45.0177,6.0815,1.3244,18.5267,6.5267
16,16,63,1050.0000,Good,49.5436,11.9026,6.6748,6.0000,5.8289,8.3652,44.1712,6.1658,1.3148,18.5414,6.5414
16,16,64,1066.7000,Good,49.9799,11.9715,6.3958,6.0000,5.6480,8.2402,43.2693,6.2472,1.3046,18.5490,6.5490
16,16,65,1083.3000,Good,50.3970,12.0367,6.1150,6.0000,5.4615,8.1134,42.3100,6.3255,1.2938,18.5496,6.5496
16,16,66,1100.0000,Good,50.7948,12.0984,5.8325,6.0000,5.2695,7.9855,41.2914,6.4006,1.2825,18.5436,6.5436
16,16,67,1116.7000,Good,51.1733,12.1566,5.5484,6.0000,5.0724,7.8568,40.2114,6.4725,1.2707,18.5311,6.5311
16,16,68,1133.3000,Good,51.5322,12.2114,5.2627,6.0000,4.8705,7.7280,39.0680,6.5410,1.2585,18.5124,6.5124
16,16,69,1150.0000,Good,51.8716,12.2628,4.9757,6.0000,4.6640,7.5995,37.8591,6.6060,1.2458,18.4877,6.4877
16,16,70,1166.7000,Good,52.1913,12.3109,4.6872,6.0000,4.4532,7.4720,36.5828,6.6676,1.2327,18.4573,6.4573
16,16,71,1183.3000,Good,52.4913,12.3557,4.3975,6.0000,4.2384,7.3460,35.2373,6.7257,1.2193,18.4214,6.4214
16,16,72,1200.0000,Good,52.7714,12.3972,4.1067,6.0000,4.0198,7.2221,33.8211,6.7800,1.2055,18.3802,6.3802
16,16,73,1216.7000,Good,53.0316,12.4355,3.8147,6.0000,3.7978,7.1010,32.3327,6.8308,1.1914,18.3340,6.3340
16,16,74,1233.3000,Good,53.2718,12.4707,3.5218,6.0000,3.5726,6.9831,30.7712,6.8777,1.1770,18.2828,6.2828
16,16,75,1250.0000,Good,53.4920,12.5028,3.2279,6.0000,3.3445,6.8692,29.1360,6.9209,1.1623,18.2269,6.2269
16,16,76,1266.7000,Good,53.6921,12.5318,2.9332,6.0000,3.1137,6.7598,27.4270,6.9603,1.1474,18.1665,6.1665
16,16,77,1283.3000,Good,53.8720,12.5578,2.6377,6.0000,2.8805,6.6556,25.6447,6.9957,1.1323,18.1018,6.1018
16,16,78,1300.0000,Good,54.0317,12.5808,2.3415,6.0000,2.6451,6.5572,23.7903,7.0273,1.1170,18.0329,6.0329
16,16,79,1316.7000,Good,54.1712,12.6008,2.0448,6.0000,2.4078,6.4651,21.8660,7.0549,1.1015,17.9600,5.9600
16,16,80,1333.3000,Good,54.2904,12.6178,1.7475,6.0000,2.1689,6.3800,19.8744,7.0785,1.0859,17.8833,5.8833
16,16,81,1350.0000,Good,54.3893,12.6319,1.4498,6.0000,2.0000,6.3246,18.4349,7.0981,1.0752,17.8331,5.8331
16,16,82,1366.7000,Good,54.4678,12.6430,1.1517,6.0000,2.0000,6.3246,18.4349,7.1138,1.0762,17.8504,5.8504
16,16,83,1383.3000,Good,54.5260,12.6513,0.8533,6.0000,2.0000,6.3246,18.4349,7.1253,1.0770,17.8633,5.8633
16,16,84,1400.0000,Good,54.5638,12.6567,0.5547,6.0000,2.0000,6.3246,18.4349,7.1329,1.0775,17.8716,5.8716
16,16,85,1416.7000,Good,54.5813,12.6591,0.2559,6.0000,2.0000,6.3246,18.4349,7.1363,1.0777,17.8754,5.8754
16,16,85,1416.7000,Poor(auto),54.5784,12.6587,-0.0429,6.0000,2.0000,6.3246,18.4349,7.1358,1.0777,17.8748,5.8748
18,16.0000,27,450.0000,Good,22.6504,6.6415,14.6129,14.7849,6.3776,16.1017,23.3333,2.3298,1.0695,21.2039,9.2039
18,16.0000,28,466.7000,Good,23.6376,6.8633,14.4717,14.5566,6.5524,15.9633,24.2342,2.4246,1.0957,21.5624,9.5624
18,16.0000,29,483.3000,Good,24.6146,7.0812,14.3247,14.3221,6.7164,15.8187,25.1245,2.5222,1.1208,21.8839,9.8839
18,16.0000,30,500.0000,Good,25.5813,7.2951,14.1720,14.0818,6.8693,15.6680,26.0039,2.6224,1.1450,22.1682,10.1682
18,16.0000,31,516.7000,Good,26.5372,7.5049,14.0137,13.8363,7.0110,15.5112,26.8718,2.7250,1.1680,22.4157,10.4157
18,16.0000,32,533.3000,Good,27.4818,7.7105,13.8498,13.5860,7.1413,15.3485,27.7279,2.8298,1.1899,22.6269,10.6269
18,16.0000,33,550.0000,Good,28.4150,7.9120,13.6806,13.3315,7.2600,15.1801,28.5716,2.9367,1.2107,22.8024,10.8024
18,16.0000,34,566.7000,Good,29.3362,8.1091,13.5062,13.0732,7.3671,15.0061,29.4026,3.0454,1.2303,22.9430,10.9430
18,16.0000,35,583.3000,Good,30.2452,8.3018,13.3265,12.8115,7.4626,14.8265,30.2204,3.1557,1.2487,23.0498,11.0498
18,16.0000,36,600.0000,Good,31.1416,8.4902,13.1418,12.5470,7.5464,14.6416,31.0247,3.2675,1.2659,23.1239,11.1239
18,16.0000,37,616.7000,Good,32.0251,8.6741,12.9522,12.2801,7.6184,14.4514,31.8149,3.3806,1.2819,23.1664,11.1664
18,16.0000,38,633.3000,Good,32.8953,8.8535,12.7578,12.0113,7.6788,14.2560,32.5908,3.4947,1.2967,23.1788,11.1788
18,16.0000,39,650.0000,Good,33.7519,9.0284,12.5586,11.7409,7.7275,14.0557,33.3518,3.6097,1.3103,23.1625,11.1625
18,16.0000,40,666.7000,Good,34.5946,9.1987,12.3549,11.4695,7.7647,13.8506,34.0975,3.7253,1.3227,23.1189,11.1189
18,16.0000,41,683.3000,Good,35.4231,9.3645,12.1467,11.1973,7.7904,13.6407,34.8277,3.8415,1.3338,23.0496,11.0496
18,16.0000,42,700.0000,Perfect,36.2371,9.5258,11.9342,12.2239,8.5546,14.9200,34.9854,3.9579,1.4182,25.6116,13.6116
18,16.0000,43,716.7000,Perfect,37.0364,9.6825,11.7175,11.9516,8.5577,14.6995,35.6038,4.0745,1.4267,25.4837,13.4837
18,16.0000,44,733.3000,Perfect,37.8206,9.8347,11.4966,11.6796,8.5496,14.4745,36.2045,4.1909,1.4340,25.3334,13.3334
18,16.0000,45,750.0000,Perfect,38.5894,9.9823,11.2718,11.4085,8.5306,14.2452,36.7870,4.3071,1.4402,25.1624,13.1624
18,16.0000,46,766.7000,Perfect,39.3426,10.1254,11.0431,11.1384,8.5008,14.0117,37.3508,4.4228,1.4452,24.9722,12.9722
18,16.0000,47,783.3000,Perfect,40.0800,10.2640,10.8106,10.8698,8.4605,13.7743,37.8954,4.5380,1.4490,24.7646,12.7646
18,16.0000,48,800.0000,Perfect,40.8013,10.3981,10.5745,10.6028,8.4098,13.5331,38.4203,4.6523,1.4518,24.5411,12.5411
18,16.0000,49,816.7000,Perfect,41.5062,10.5278,10.3349,10.3377,8.3490,13.2881,38.9251,4.7656,1.4535,24.3034,12.3034
18,16.0000,50,833.3000,Perfect,42.1946,10.6531,10.0919,10.0749,8.2783,13.0397,39.4091,4.8779,1.4541,24.0530,12.0530
18,16.0000,51,850.0000,Perfect,42.8662,10.7740,9.8457,9.8144,8.1979,12.7878,39.8717,4.9888,1.4537,23.7913,11.7913
18,16.0000,52,866.7000,Perfect,43.5207,10.8906,9.5962,9.5565,8.1081,12.5327,40.3125,5.0982,1.4523,23.5198,11.5198
18,16.0000,53,883.3000,Good,44.1581,11.0030,9.3437,8.0024,7.2592,10.8044,42.2120,5.2061,1.3792,20.7902,8.7902
18,16.0000,54,900.0000,Good,44.7780,11.1111,9.0883,7.7503,7.1514,10.5456,42.6987,5.3122,1.3764,20.5284,8.5284
18,16.0000,55,916.7000,Good,45.3802,11.2150,8.8300,7.5012,7.0351,10.2840,43.1632,5.4164,1.3726,20.2614,8.2614
18,16.0000,56,933.3000,Good,45.9647,11.3148,8.5691,7.2554,6.9104,10.0197,43.6049,5.5186,1.3680,19.9904,7.9904
18,16.0000,57,950.0000,Good,46.5312,11.4105,8.3055,7.0128,6.7777,9.7528,44.0230,5.6186,1.3626,19.7164,7.7164
18,16.0000,58,966.7000,Good,47.0796,11.5022,8.0393,6.7737,6.6372,9.4834,44.4170,5.7163,1.3564,19.4402,7.4402
18,16.0000,59,983.3000,Good,47.6096,11.5900,7.7708,6.5380,6.4893,9.2117,44.7860,5.8115,1.3495,19.1628,7.1628
18,16.0000,60,1000.0000,Good,48.1212,11.6738,7.5000,6.3057,6.3342,8.9378,45.1291,5.9042,1.3418,18.8849,6.8849
18,16.0000,61,1016.7000,Good,48.6142,11.7538,7.2270,6.0770,6.1722,8.6618,45.4455,5.9942,1.3334,18.6072,6.6072
18,16.0000,62,1033.3000,Good,49.0884,11.8301,6.9519,6.0000,6.0037,8.4879,45.0177,6.0815,1.3244,18.5267,6.5267
18,16.0000,63,1050.0000,Good,49.5436,11.9026,6.6748,6.0000,5.8289,8.3652,44.1712,6.1658,1.3148,18.5414,6.5414
18,16.0000,64,1066.7000,Good,49.9799,11.9715,6.3958,6.0000,5.6480,8.2402,43.2693,6.2472,1.3046,18.5490,6.5490
18,16.0000,65,1083.3000,Good,50.3970,12.0367,6.1150,6.0000,5.4615,8.1134,42.3100,6.3255,1.2938,18.5496,6.5496
18,16.0000,66,1100.0000,Good,50.7948,12.0984,5.8325,6.0000,5.2695,7.9855,41.2914,6.4006,1.2825,18.5436,6.5436
18,16.0000,67,1116.7000,Good,51.1733,12.1566,5.5484,6.0000,5.0724,7.8568,40.2114,6.4725,1.2707,18.5311,6.5311
18,16.0000,68,1133.3000,Good,51.5322,12.2114,5.2627,6.0000,4.8705,7.7280,39.0680,6.5410,1.2585,18.5124,6.5124
18,16.0000,69,1150.0000,Good,51.8716,12.2628,4.9757,6.0000,4.6640,7.5995,37.8591,6.6060,1.2458,18.4877,6.4877
18,16.0000,70,1166.7000,Good,52.1913,12.3109,4.6872,6.0000,4.4532,7.4720,36.5828,6.6676,1.2327,18.4573,6.4573
18,16.0000,71,1183.3000,Good,52.4913,12.3557,4.3975,6.0000,4.2384,7.3460,35.2373,6.7257,1.2193,18.4214,6.4214
18,16.0000,72,1200.0000,Good,52.7714,12.3972,4.1067,6.0000,4.0198,7.2221,33.8211,6.7800,1.2055,18.3802,6.3802
18,16.0000,73,1216.7000,Good,53.0316,12.4355,3.8147,6.0000,3.7978,7.1010,32.3327,6.8308,1.1914,18.3340,6.3340
18,16.0000,74,1233.3000,Good,53.2718,12.4707,3.5218,6.0000,3.5726,6.9831,30.7712,6.8777,1.1770,18.2828,6.2828
18,16.0000,75,1250.0000,Good,53.4920,12.5028,3.2279,6.0000,3.3445,6.8692,29.1360,6.9209,1.1623,18.2269,6.2269
18,16.0000,76,1266.7000,Good,53.6921,12.5318,2.9332,6.0000,3.1137,6.7598,27.4270,6.9603,1.1474,18.1665,6.1665
18,16.0000,77,1283.3000,Good,53.8720,12.5578,2.6377,6.0000,2.8805,6.6556,25.6447,6.9957,1.1323,18.1018,6.1018
18,16.0000,78,1300.0000,Good,54.0317,12.5808,2.3415,6.0000,2.6451,6.5572,23.7903,7.0273,1.1170,18.0329,6.0329
18,16.0000,79,1316.7000,Good,54.1712,12.6008,2.0448,6.0000,2.4078,6.4651,21.8660,7.0549,1.1015,17.9600,5.9600
18,16.0000,80,1333.3000,Good,54.2904,12.6178,1.7475,6.0000,2.1689,6.3800,19.8744,7.0785,1.0859,17.8833,5.8833
18,16.0000,81,1350.0000,Good,54.3893,12.6319,1.4498,6.0000,2.0000,6.3246,18.4349,7.0981,1.0752,17.8331,5.8331
18,16.0000,82,1366.7000,Good,54.4678,12.6430,1.1517,6.0000,2.0000,6.3246,18.4349,7.1138,1.0762,17.8504,5.8504
18,16.0000,83,1383.3000,Good,54.5260,12.6513,0.8533,6.0000,2.0000,6.3246,18.4349,7.1253,1.0770,17.8633,5.8633
18,16.0000,84,1400.0000,Good,54.5638,12.6567,0.5547,6.0000,2.0000,6.3246,18.4349,7.1329,1.0775,17.8716,5.8716
18,16.0000,85,1416.7000,Good,54.5813,12.6591,0.2559,6.0000,2.0000,6.3246,18.4349,7.1363,1.0777,17.8754,5.8754
18,16.0000,85,1416.7000,Poor(auto),54.5784,12.6587,-0.0429,6.0000,2.0000,6.3246,18.4349,7.1358,1.0777,17.8748,5.8748
20,16.0000,27,450.0000,Good,22.6504,6.6415,14.6129,14.7849,6.3776,16.1017,23.3333,2.3298,1.0695,21.2039,9.2039
20,16.0000,28,466.7000,Good,23.6376,6.8633,14.4717,14.5566,6.5524,15.9633,24.2342,2.4246,1.0957,21.5624,9.5624
20,16.0000,29,483.3000,Good,24.6146,7.0812,14.3247,14.3221,6.7164,15.8187,25.1245,2.5222,1.1208,21.8839,9.8839
20,16.0000,30,500.0000,Good,25.5813,7.2951,14.1720,14.0818,6.8693,15.6680,26.0039,2.6224,1.1450,22.1682,10.1682
20,16.0000,31,516.7000,Good,26.5372,7.5049,14.0137,13.8363,7.0110,15.5112,26.8718,2.7250,1.1680,22.4157,10.4157
20,16.0000,32,533.3000,Good,27.4818,7.7105,13.8498,13.5860,7.1413,15.3485,27.7279,2.8298,1.1899,22.6269,10.6269
20,16.0000,33,550.0000,Good,28.4150,7.9120,13.6806,13.3315,7.2600,15.1801,28.5716,2.9367,1.2107,22.8024,10.8024
20,16.0000,34,566.7000,Good,29.3362,8.1091,13.5062,13.0732,7.3671,15.0061,29.4026,3.0454,1.2303,22.9430,10.9430
20,16.0000,35,583.3000,Good,30.2452,8.3018,13.3265,12.8115,7.4626,14.8265,30.2204,3.1557,1.2487,23.0498,11.0498
20,16.0000,36,600.0000,Good,31.1416,8.4902,13.1418,12.5470,7.5464,14.6416,31.0247,3.2675,1.2659,23.1239,11.1239
20,16.0000,37,616.7000,Good,32.0251,8.6741,12.9522,12.2801,7.6184,14.4514,31.8149,3.3806,1.2819,23.1664,11.1664
20,16.0000,38,633.3000,Good,32.8953,8.8535,12.7578,12.0113,7.6788,14.2560,32.5908,3.4947,1.2967,23.1788,11.1788
20,16.0000,39,650.0000,Good,33.7519,9.0284,12.5586,11.7409,7.7275,14.0557,33.3518,3.6097,1.3103,23.1625,11.1625
20,16.0000,40,666.7000,Good,34.5946,9.1987,12.3549,11.4695,7.7647,13.8506,34.0975,3.7253,1.3227,23.1189,11.1189
20,16.0000,41,683.3000,Good,35.4231,9.3645,12.1467,11.1973,7.7904,13.6407,34.8277,3.8415,1.3338,23.0496,11.0496
20,16.0000,42,700.0000,Perfect,36.2371,9.5258,11.9342,12.2239,8.5546,14.9200,34.9854,3.9579,1.4182,25.6116,13.6116
20,16.0000,43,716.7000,Perfect,37.0364,9.6825,11.7175,11.9516,8.5577,14.6995,35.6038,4.0745,1.4267,25.4837,13.4837
20,16.0000,44,733.3000,Perfect,37.8206,9.8347,11.4966,11.6796,8.5496,14.4745,36.2045,4.1909,1.4340,25.3334,13.3334
20,16.0000,45,750.0000,Perfect,38.5894,9.9823,11.2718,11.4085,8.5306,14.2452,36.7870,4.3071,1.4402,25.1624,13.1624
20,16.0000,46,766.7000,Perfect,39.3426,10.1254,11.0431,11.1384,8.5008,14.0117,37.3508,4.4228,1.4452,24.9722,12.9722
20,16.0000,47,783.3000,Perfect,40.0800,10.2640,10.8106,10.8698,8.4605,13.7743,37.8954,4.5380,1.4490,24.7646,12.7646
20,16.0000,48,800.0000,Perfect,40.8013,10.3981,10.5745,10.6028,8.4098,13.5331,38.4203,4.6523,1.4518,24.5411,12.5411
20,16.0000,49,816.7000,Perfect,41.5062,10.5278,10.3349,10.3377,8.3490,13.2881,38.9251,4.7656,1.4535,24.3034,12.3034
20,16.0000,50,833.3000,Perfect,42.1946,10.6531,10.0919,10.0749,8.2783,13.0397,39.4091,4.8779,1.4541,24.0530,12.0530
20,16.0000,51,850.0000,Perfect,42.8662,10.7740,9.8457,9.8144,8.1979,12.7878,39.8717,4.9888,1.4537,23.7913,11.7913
20,16.0000,52,866.7000,Perfect,43.5207,10.8906,9.5962,9.5565,8.1081,12.5327,40.3125,5.0982,1.4523,23.5198,11.5198
20,16.0000,53,883.3000,Good,44.1581,11.0030,9.3437,8.0024,7.2592,10.8044,42.2120,5.2061,1.3792,20.7902,8.7902
20,16.0000,54,900.0000,Good,44.7780,11.1111,9.0883,7.7503,7.1514,10.5456,42.6987,5.3122,1.3764,20.5284,8.5284
20,16.0000,55,916.7000,Good,45.3802,11.2150,8.8300,7.5012,7.0351,10.2840,43.1632,5.4164,1.3726,20.2614,8.2614
20,16.0000,56,933.3000,Good,45.9647,11.3148,8.5691,7.2554,6.9104,10.0197,43.6049,5.5186,1.3680,19.9904,7.9904
20,16.0000,57,950.0000,Good,46.5312,11.4105,8.3055,7.0128,6.7777,9.7528,44.0230,5.6186,1.3626,19.7164,7.7164
20,16.0000,58,966.7000,Good,47.0796,11.5022,8.0393,6.7737,6.6372,9.4834,44.4170,5.7163,1.3564,19.4402,7.4402
20,16.0000,59,983.3000,Good,47.6096,11.5900,7.7708,6.5380,6.4893,9.2117,44.7860,5.8115,1.3495,19.1628,7.1628
20,16.0000,60,1000.0000,Good,48.1212,11.6738,7.5000,6.3057,6.3342,8.9378,45.1291,5.9042,1.3418,18.8849,6.8849
20,16.0000,61,1016.7000,Good,48.6142,11.7538,7.2270,6.0770,6.1722,8.6618,45.4455,5.9942,1.3334,18.6072,6.6072
20,16.0000,62,1033.3000,Good,49.0884,11.8301,6.9519,6.0000,6.0037,8.4879,45.0177,6.0815,1.3244,18.5267,6.5267
20,16.0000,63,1050.0000,Good,49.5436,11.9026,6.6748,6.0000,5.8289,8.3652,44.1712,6.1658,1.3148,18.5414,6.5414
20,16.0000,64,1066.7000,Good,49.9799,11.9715,6.3958,6.0000,5.6480,8.2402,43.2693,6.2472,1.3046,18.5490,6.5490
20,16.0000,65,1083.3000,Good,50.3970,12.0367,6.1150,6.0000,5.4615,8.1134,42.3100,6.3255,1.2938,18.5496,6.5496
20,16.0000,66,1100.0000,Good,50.7948,12.0984,5.8325,6.0000,5.2695,7.9855,41.2914,6.4006,1.2825,18.5436,6.5436
20,16.0000,67,1116.7000,Good,51.1733,12.1566,5.5484,6.0000,5.0724,7.8568,40.2114,6.4725,1.2707,18.5311,6.5311
20,16.0000,68,1133.3000,Good,51.5322,12.2114,5.2627,6.0000,4.8705,7.7280,39.0680,6.5410,1.2585,18.5124,6.5124
20,16.0000,69,1150.0000,Good,51.8716,12.2628,4.9757,6.0000,4.6640,7.5995,37.8591,6.6060,1.2458,18.4877,6.4877
20,16.0000,70,1166.7000,Good,52.1913,12.3109,4.6872,6.0000,4.4532,7.4720,36.5828,6.6676,1.2327,18.4573,6.4573
20,16.0000,71,1183.3000,Good,52.4913,12.3557,4.3975,6.0000,4.2384,7.3460,35.2373,6.7257,1.2193,18.4214,6.4214
20,16.0000,72,1200.0000,Good,52.7714,12.3972,4.1067,6.0000,4.0198,7.2221,33.8211,6.7800,1.2055,18.3802,6.3802
20,16.0000,73,1216.7000,Good,53.0316,12.4355,3.8147,6.0000,3.7978,7.1010,32.3327,6.8308,1.1914,18.3340,6.3340
20,16.0000,74,1233.3000,Good,53.2718,12.4707,3.5218,6.0000,3.5726,6.9831,30.7712,6.8777,1.1770,18.2828,6.2828
20,16.0000,75,1250.0000,Good,53.4920,12.5028,3.2279,6.0000,3.3445,6.8692,29.1360,6.9209,1.1623,18.2269,6.2269
20,16.0000,76,1266.7000,Good,53.6921,12.5318,2.9332,6.0000,3.1137,6.7598,27.4270,6.9603,1.1474,18.1665,6.1665
20,16.0000,77,1283.3000,Good,53.8720,12.5578,2.6377,6.0000,2.8805,6.6556,25.6447,6.9957,1.1323,18.1018,6.1018
20,16.0000,78,1300.0000,Good,54.0317,12.5808,2.3415,6.0000,2.6451,6.5572,23.7903,7.0273,1.1170,18.0329,6.0329
20,16.0000,79,1316.7000,Good,54.1712,12.6008,2.0448,6.0000,2.4078,6.4651,21.8660,7.0549,1.1015,17.9600,5.9600
20,16.0000,80,1333.3000,Good,54.2904,12.6178,1.7475,6.0000,2.1689,6.3800,19.8744,7.0785,1.0859,17.8833,5.8833
20,16.0000,81,1350.0000,Good,54.3893,12.6319,1.4498,6.0000,2.0000,6.3246,18.4349,7.0981,1.0752,17.8331,5.8331
20,16.0000,82,1366.7000,Good,54.4678,12.6430,1.1517,6.0000,2.0000,6.3246,18.4349,7.1138,1.0762,17.8504,5.8504
20,16.0000,83,1383.3000,Good,54.5260,12.6513,0.8533,6.0000,2.0000,6.3246,18.4349,7.1253,1.0770,17.8633,5.8633
20,16.0000,84,1400.0000,Good,54.5638,12.6567,0.5547,6.0000,2.0000,6.3246,18.4349,7.1329,1.0775,17.8716,5.8716
20,16.0000,85,1416.7000,Good,54.5813,12.6591,0.2559,6.0000,2.0000,6.3246,18.4349,7.1363,1.0777,17.8754,5.8754
20,16.0000,85,1416.7000,Poor(auto),54.5784,12.6587,-0.0429,6.0000,2.0000,6.3246,18.4349,7.1358,1.0777,17.8748,5.8748
22,16.0000,27,450.0000,Good,22.6504,6.6415,14.6129,14.7849,6.3776,16.1017,23.3333,2.3298,1.0695,21.2039,9.2039
22,16.0000,28,466.7000,Good,23.6376,6.8633,14.4717,14.5566,6.5524,15.9633,24.2342,2.4246,1.0957,21.5624,9.5624
22,16.0000,29,483.3000,Good,24.6146,7.0812,14.3247,14.3221,6.7164,15.8187,25.1245,2.5222,1.1208,21.8839,9.8839
22,16.0000,30,500.0000,Good,25.5813,7.2951,14.1720,14.0818,6.8693,15.6680,26.0039,2.6224,1.1450,22.1682,10.1682
22,16.0000,31,516.7000,Good,26.5372,7.5049,14.0137,13.8363,7.0110,15.5112,26.8718,2.7250,1.1680,22.4157,10.4157
22,16.0000,32,533.3000,Good,27.4818,7.7105,13.8498,13.5860,7.1413,15.3485,27.7279,2.8298,1.1899,22.6269,10.6269
22,16.0000,33,550.0000,Good,28.4150,7.9120,13.6806,13.3315,7.2600,15.1801,28.5716,2.9367,1.2107,22.8024,10.8024
22,16.0000,34,566.7000,Good,29.3362,8.1091,13.5062,13.0732,7.3671,15.0061,29.4026,3.0454,1.2303,22.9430,10.9430
22,16.0000,35,583.3000,Good,30.2452,8.3018,13.3265,12.8115,7.4626,14.8265,30.2204,3.1557,1.2487,23.0498,11.0498
22,16.0000,36,600.0000,Good,31.1416,8.4902,13.1418,12.5470,7.5464,14.6416,31.0247,3.2675,1.2659,23.1239,11.1239
22,16.0000,37,616.7000,Good,32.0251,8.6741,12.9522,12.2801,7.6184,14.4514,31.8149,3.3806,1.2819,23.1664,11.1664
22,16.0000,38,633.3000,Good,32.8953,8.8535,12.7578,12.0113,7.6788,14.2560,32.5908,3.4947,1.2967,23.1788,11.1788
22,16.0000,39,650.0000,Good,33.7519,9.0284,12.5586,11.7409,7.7275,14.0557,33.3518,3.6097,1.3103,23.1625,11.1625
22,16.0000,40,666.7000,Good,34.5946,9.1987,12.3549,11.4695,7.7647,13.8506,34.0975,3.7253,1.3227,23.1189,11.1189
22,16.0000,41,683.3000,Good,35.4231,9.3645,12.1467,11.1973,7.7904,13.6407,34.8277,3.8415,1.3338,23.0496,11.0496
22,16.0000,42,700.0000,Perfect,36.2371,9.5258,11.9342,12.2239,8.5546,14.9200,34.9854,3.9579,1.4182,25.6116,13.6116
22,16.0000,43,716.7000,Perfect,37.0364,9.6825,11.7175,11.9516,8.5577,14.6995,35.6038,4.0745,1.4267,25.4837,13.4837
22,16.0000,44,733.3000,Perfect,37.8206,9.8347,11.4966,11.6796,8.5496,14.4745,36.2045,4.1909,1.4340,25.3334,13.3334
22,16.0000,45,750.0000,Perfect,38.5894,9.9823,11.2718,11.4085,8.5306,14.2452,36.7870,4.3071,1.4402,25.1624,13.1624
22,16.0000,46,766.7000,Perfect,39.3426,10.1254,11.0431,11.1384,8.5008,14.0117,37.3508,4.4228,1.4452,24.9722,12.9722
22,16.0000,47,783.3000,Perfect,40.0800,10.2640,10.8106,10.8698,8.4605,13.7743,37.8954,4.5380,1.4490,24.7646,12.7646
22,16.0000,48,800.0000,Perfect,40.8013,10.3981,10.5745,10.6028,8.4098,13.5331,38.4203,4.6523,1.4518,24.5411,12.5411
22,16.0000,49,816.7000,Perfect,41.5062,10.5278,10.3349,10.3377,8.3490,13.2881,38.9251,4.7656,1.4535,24.3034,12.3034
22,16.0000,50,833.3000,Perfect,42.1946,10.6531,10.0919,10.0749,8.2783,13.0397,39.4091,4.8779,1.4541,24.0530,12.0530
22,16.0000,51,850.0000,Perfect,42.8662,10.7740,9.8457,9.8144,8.1979,12.7878,39.8717,4.9888,1.4537,23.7913,11.7913
22,16.0000,52,866.7000,Perfect,43.5207,10.8906,9.5962,9.5565,8.1081,12.5327,40.3125,5.0982,1.4523,23.5198,11.5198
22,16.0000,53,883.3000,Good,44.1581,11.0030,9.3437,8.0024,7.2592,10.8044,42.2120,5.2061,1.3792,20.7902,8.7902
22,16.0000,54,900.0000,Good,44.7780,11.1111,9.0883,7.7503,7.1514,10.5456,42.6987,5.3122,1.3764,20.5284,8.5284
22,16.0000,55,916.7000,Good,45.3802,11.2150,8.8300,7.5012,7.0351,10.2840,43.1632,5.4164,1.3726,20.2614,8.2614
22,16.0000,56,933.3000,Good,45.9647,11.3148,8.5691,7.2554,6.9104,10.0197,43.6049,5.5186,1.3680,19.9904,7.9904
22,16.0000,57,950.0000,Good,46.5312,11.4105,8.3055,7.0128,6.7777,9.7528,44.0230,5.6186,1.3626,19.7164,7.7164
22,16.0000,58,966.7000,Good,47.0796,11.5022,8.0393,6.7737,6.6372,9.4834,44.4170,5.7163,1.3564,19.4402,7.4402
22,16.0000,59,983.3000,Good,47.6096,11.5900,7.7708,6.5380,6.4893,9.2117,44.7860,5.8115,1.3495,19.1628,7.1628
22,16.0000,60,1000.0000,Good,48.1212,11.6738,7.5000,6.3057,6.3342,8.9378,45.1291,5.9042,1.3418,18.8849,6.8849
22,16.0000,61,1016.7000,Good,48.6142,11.7538,7.2270,6.0770,6.1722,8.6618,45.4455,5.9942,1.3334,18.6072,6.6072
22,16.0000,62,1033.3000,Good,49.0884,11.8301,6.9519,6.0000,6.0037,8.4879,45.0177,6.0815,1.3244,18.5267,6.5267
22,16.0000,63,1050.0000,Good,49.5436,11.9026,6.6748,6.0000,5.8289,8.3652,44.1712,6.1658,1.3148,18.5414,6.5414
22,16.0000,64,1066.7000,Good,49.9799,11.9715,6.3958,6.0000,5.6480,8.2402,43.2693,6.2472,1.3046,18.5490,6.5490
22,16.0000,65,1083.3000,Good,50.3970,12.0367,6.1150,6.0000,5.4615,8.1134,42.3100,6.3255,1.2938,18.5496,6.5496
22,16.0000,66,1100.0000,Good,50.7948,12.0984,5.8325,6.0000,5.2695,7.9855,41.2914,6.4006,1.2825,18.5436,6.5436
22,16.0000,67,1116.7000,Good,51.1733,12.1566,5.5484,6.0000,5.0724,7.8568,40.2114,6.4725,1.2707,18.5311,6.5311
22,16.0000,68,1133.3000,Good,51.5322,12.2114,5.2627,6.0000,4.8705,7.7280,39.0680,6.5410,1.2585,18.5124,6.5124
22,16.0000,69,1150.0000,Good,51.8716,12.2628,4.9757,6.0000,4.6640,7.5995,37.8591,6.6060,1.2458,18.4877,6.4877
22,16.0000,70,1166.7000,Good,52.1913,12.3109,4.6872,6.0000,4.4532,7.4720,36.5828,6.6676,1.2327,18.4573,6.4573
22,16.0000,71,1183.3000,Good,52.4913,12.3557,4.3975,6.0000,4.2384,7.3460,35.2373,6.7257,1.2193,18.4214,6.4214
22,16.0000,72,1200.0000,Good,52.7714,12.3972,4.1067,6.0000,4.0198,7.2221,33.8211,6.7800,1.2055,18.3802,6.3802
22,16.0000,73,1216.7000,Good,53.0316,12.4355,3.8147,6.0000,3.7978,7.1010,32.3327,6.8308,1.1914,18.3340,6.3340
22,16.0000,74,1233.3000,Good,53.2718,12.4707,3.5218,6.0000,3.5726,6.9831,30.7712,6.8777,1.1770,18.2828,6.2828
22,16.0000,75,1250.0000,Good,53.4920,12.5028,3.2279,6.0000,3.3445,6.8692,29.1360,6.9209,1.1623,18.2269,6.2269
22,16.0000,76,1266.7000,Good,53.6921,12.5318,2.9332,6.0000,3.1137,6.7598,27.4270,6.9603,1.1474,18.1665,6.1665
22,16.0000,77,1283.3000,Good,53.8720,12.5578,2.6377,6.0000,2.8805,6.6556,25.6447,6.9957,1.1323,18.1018,6.1018
22,16.0000,78,1300.0000,Good,54.0317,12.5808,2.3415,6.0000,2.6451,6.5572,23.7903,7.0273,1.1170,18.0329,6.0329
22,16.0000,79,1316.7000,Good,54.1712,12.6008,2.0448,6.0000,2.4078,6.4651,21.8660,7.0549,1.1015,17.9600,5.9600
22,16.0000,80,1333.3000,Good,54.2904,12.6178,1.7475,6.0000,2.1689,6.3800,19.8744,7.0785,1.0859,17.8833,5.8833
22,16.0000,81,1350.0000,Good,54.3893,12.6319,1.4498,6.0000,2.0000,6.3246,18.4349,7.0981,1.0752,17.8331,5.8331
22,16.0000,82,1366.7000,Good,54.4678,12.6430,1.1517,6.0000,2.0000,6.3246,18.4349,7.1138,1.0762,17.8504,5.8504
22,16.0000,83,1383.3000,Good,54.5260,12.6513,0.8533,6.0000,2.0000,6.3246,18.4349,7.1253,1.0770,17.8633,5.8633
22,16.0000,84,1400.0000,Good,54.5638,12.6567,0.5547,6.0000,2.0000,6.3246,18.4349,7.1329,1.0775,17.8716,5.8716
22,16.0000,85,1416.7000,Good,54.5813,12.6591,0.2559,6.0000,2.0000,6.3246,18.4349,7.1363,1.0777,17.8754,5.8754
22,16.0000,85,1416.7000,Poor(auto),54.5784,12.6587,-0.0429,6.0000,2.0000,6.3246,18.4349,7.1358,1.0777,17.8748,5.8748
24,16.0000,27,450.0000,Good,22.6504,6.6415,14.6129,14.7849,6.3776,16.1017,23.3333,2.3298,1.0695,21.2039,9.2039
24,16.0000,28,466.7000,Good,23.6376,6.8633,14.4717,14.5566,6.5524,15.9633,24.2342,2.4246,1.0957,21.5624,9.5624
24,16.0000,29,483.3000,Good,24.6146,7.0812,14.3247,14.3221,6.7164,15.8187,25.1245,2.5222,1.1208,21.8839,9.8839
24,16.0000,30,500.0000,Good,25.5813,7.2951,14.1720,14.0818,6.8693,15.6680,26.0039,2.6224,1.1450,22.1682,10.1682
24,16.0000,31,516.7000,Good,26.5372,7.5049,14.0137,13.8363,7.0110,15.5112,26.8718,2.7250,1.1680,22.4157,10.4157
24,16.0000,32,533.3000,Good,27.4818,7.7105,13.8498,13.5860,7.1413,15.3485,27.7279,2.8298,1.1899,22.6269,10.6269
24,16.0000,33,550.0000,Good,28.4150,7.9120,13.6806,13.3315,7.2600,15.1801,28.5716,2.9367,1.2107,22.8024,10.8024
24,16.0000,34,566.7000,Good,29.3362,8.1091,13.5062,13.0732,7.3671,15.0061,29.4026,3.0454,1.2303,22.9430,10.9430
24,16.0000,35,583.3000,Good,30.2452,8.3018,13.3265,12.8115,7.4626,14.8265,30.2204,3.1557,1.2487,23.0498,11.0498
24,16.0000,36,600.0000,Good,31.1416,8.4902,13.1418,12.5470,7.5464,14.6416,31.0247,3.2675,1.2659,23.1239,11.1239
24,16.0000,37,616.7000,Good,32.0251,8.6741,12.9522,12.2801,7.6184,14.4514,31.8149,3.3806,1.2819,23.1664,11.1664
24,16.0000,38,633.3000,Good,32.8953,8.8535,12.7578,12.0113,7.6788,14.2560,32.5908,3.4947,1.2967,23.1788,11.1788
24,16.0000,39,650.0000,Good,33.7519,9.0284,12.5586,11.7409,7.7275,14.0557,33.3518,3.6097,1.3103,23.1625,11.1625
24,16.0000,40,666.7000,Good,34.5946,9.1987,12.3549,11.4695,7.7647,13.8506,34.0975,3.7253,1.3227,23.1189,11.1189
24,16.0000,41,683.3000,Good,35.4231,9.3645,12.1467,11.1973,7.7904,13.6407,34.8277,3.8415,1.3338,23.0496,11.0496
24,16.0000,42,700.0000,Perfect,36.2371,9.5258,11.9342,12.2239,8.5546,14.9200,34.9854,3.9579,1.4182,25.6116,13.6116
24,16.0000,43,716.7000,Perfect,37.0364,9.6825,11.7175,11.9516,8.5577,14.6995,35.6038,4.0745,1.4267,25.4837,13.4837
24,16.0000,44,733.3000,Perfect,37.8206,9.8347,11.4966,11.6796,8.5496,14.4745,36.2045,4.1909,1.4340,25.3334,13.3334
24,16.0000,45,750.0000,Perfect,38.5894,9.9823,11.2718,11.4085,8.5306,14.2452,36.7870,4.3071,1.4402,25.1624,13.1624
24,16.0000,46,766.7000,Perfect,39.3426,10.1254,11.0431,11.1384,8.5008,14.0117,37.3508,4.4228,1.4452,24.9722,12.9722
24,16.0000,47,783.3000,Perfect,40.0800,10.2640,10.8106,10.8698,8.4605,13.7743,37.8954,4.5380,1.4490,24.7646,12.7646
24,16.0000,48,800.0000,Perfect,40.8013,10.3981,10.5745,10.6028,8.4098,13.5331,38.4203,4.6523,1.4518,24.5411,12.5411
24,16.0000,49,816.7000,Perfect,41.5062,10.5278,10.3349,10.3377,8.3490,13.2881,38.9251,4.7656,1.4535,24.3034,12.3034
24,16.0000,50,833.3000,Perfect,42.1946,10.6531,10.0919,10.0749,8.2783,13.0397,39.4091,4.8779,1.4541,24.0530,12.0530
24,16.0000,51,850.0000,Perfect,42.8662,10.7740,9.8457,9.8144,8.1979,12.7878,39.8717,4.9888,1.4537,23.7913,11.7913
24,16.0000,52,866.7000,Perfect,43.5207,10.8906,9.5962,9.5565,8.1081,12.5327,40.3125,5.0982,1.4523,23.5198,11.5198
24,16.0000,53,883.3000,Good,44.1581,11.0030,9.3437,8.0024,7.2592,10.8044,42.2120,5.2061,1.3792,20.7902,8.7902
24,16.0000,54,900.0000,Good,44.7780,11.1111,9.0883,7.7503,7.1514,10.5456,42.6987,5.3122,1.3764,20.5284,8.5284
24,16.0000,55,916.7000,Good,45.3802,11.2150,8.8300,7.5012,7.0351,10.2840,43.1632,5.4164,1.3726,20.2614,8.2614
24,16.0000,56,933.3000,Good,45.9647,11.3148,8.5691,7.2554,6.9104,10.0197,43.6049,5.5186,1.3680,19.9904,7.9904
24,16.0000,57,950.0000,Good,46.5312,11.4105,8.3055,7.0128,6.7777,9.7528,44.0230,5.6186,1.3626,19.7164,7.7164
24,16.0000,58,966.7000,Good,47.0796,11.5022,8.0393,6.7737,6.6372,9.4834,44.4170,5.7163,1.3564,19.4402,7.4402
24,16.0000,59,983.3000,Good,47.6096,11.5900,7.7708,6.5380,6.4893,9.2117,44.7860,5.8115,1.3495,19.1628,7.1628
24,16.0000,60,1000.0000,Good,48.1212,11.6738,7.5000,6.3057,6.3342,8.9378,45.1291,5.9042,1.3418,18.8849,6.8849
24,16.0000,61,1016.7000,Good,48.6142,11.7538,7.2270,6.0770,6.1722,8.6618,45.4455,5.9942,1.3334,18.6072,6.6072
24,16.0000,62,1033.3000,Good,49.0884,11.8301,6.9519,6.0000,6.0037,8.4879,45.0177,6.0815,1.3244,18.5267,6.5267
24,16.0000,63,1050.0000,Good,49.5436,11.9026,6.6748,6.0000,5.8289,8.3652,44.1712,6.1658,1.3148,18.5414,6.5414
24,16.0000,64,1066.7000,Good,49.9799,11.9715,6.3958,6.0000,5.6480,8.2402,43.2693,6.2472,1.3046,18.5490,6.5490
24,16.0000,65,1083.3000,Good,50.3970,12.0367,6.1150,6.0000,5.4615,8.1134,42.3100,6.3255,1.2938,18.5496,6.5496
24,16.0000,66,1100.0000,Good,50.7948,12.0984,5.8325,6.0000,5.2695,7.9855,41.2914,6.4006,1.2825,18.5436,6.5436
24,16.0000,67,1116.7000,Good,51.1733,12.1566,5.5484,6.0000,5.0724,7.8568,40.2114,6.4725,1.2707,18.5311,6.5311
24,16.0000,68,1133.3000,Good,51.5322,12.2114,5.2627,6.0000,4.8705,7.7280,39.0680,6.5410,1.2585,18.5124,6.5124
24,16.0000,69,1150.0000,Good,51.8716,12.2628,4.9757,6.0000,4.6640,7.5995,37.8591,6.6060,1.2458,18.4877,6.4877
24,16.0000,70,1166.7000,Good,52.1913,12.3109,4.6872,6.0000,4.4532,7.4720,36.5828,6.6676,1.2327,18.4573,6.4573
24,16.0000,71,1183.3000,Good,52.4913,12.3557,4.3975,6.0000,4.2384,7.3460,35.2373,6.7257,1.2193,18.4214,6.4214
24,16.0000,72,1200.0000,Good,52.7714,12.3972,4.1067,6.0000,4.0198,7.2221,33.8211,6.7800,1.2055,18.3802,6.3802
24,16.0000,73,1216.7000,Good,53.0316,12.4355,3.8147,6.0000,3.7978,7.1010,32.3327,6.8308,1.1914,18.3340,6.3340
24,16.0000,74,1233.3000,Good,53.2718,12.4707,3.5218,6.0000,3.5726,6.9831,30.7712,6.8777,1.1770,18.2828,6.2828
24,16.0000,75,1250.0000,Good,53.4920,12.5028,3.2279,6.0000,3.3445,6.8692,29.1360,6.9209,1.1623,18.2269,6.2269
24,16.0000,76,1266.7000,Good,53.6921,12.5318,2.9332,6.0000,3.1137,6.7598,27.4270,6.9603,1.1474,18.1665,6.1665
24,16.0000,77,1283.3000,Good,53.8720,12.5578,2.6377,6.0000,2.8805,6.6556,25.6447,6.9957,1.1323,18.1018,6.1018
24,16.0000,78,1300.0000,Good,54.0317,12.5808,2.3415,6.0000,2.6451,6.5572,23.7903,7.0273,1.1170,18.0329,6.0329
24,16.0000,79,1316.7000,Good,54.1712,12.6008,2.0448,6.0000,2.4078,6.4651,21.8660,7.0549,1.1015,17.9600,5.9600
24,16.0000,80,1333.3000,Good,54.2904,12.6178,1.7475,6.0000,2.1689,6.3800,19.8744,7.0785,1.0859,17.8833,5.8833
24,16.0000,81,1350.0000,Good,54.3893,12.6319,1.4498,6.0000,2.0000,6.3246,18.4349,7.0981,1.0752,17.8331,5.8331
24,16.0000,82,1366.7000,Good,54.4678,12.6430,1.1517,6.0000,2.0000,6.3246,18.4349,7.1138,1.0762,17.8504,5.8504
24,16.0000,83,1383.3000,Good,54.5260,12.6513,0.8533,6.0000,2.0000,6.3246,18.4349,7.1253,1.0770,17.8633,5.8633
24,16.0000,84,1400.0000,Good,54.5638,12.6567,0.5547,6.0000,2.0000,6.3246,18.4349,7.1329,1.0775,17.8716,5.8716
24,16.0000,85,1416.7000,Good,54.5813,12.6591,0.2559,6.0000,2.0000,6.3246,18.4349,7.1363,1.0777,17.8754,5.8754
24,16.0000,85,1416.7000,Poor(auto),54.5784,12.6587,-0.0429,6.0000,2.0000,6.3246,18.4349,7.1358,1.0777,17.8748,5.8748
26,16.0000,27,450.0000,Good,22.6504,6.6415,14.6129,14.7849,6.3776,16.1017,23.3333,2.3298,1.0695,21.2039,9.2039
26,16.0000,28,466.7000,Good,23.6376,6.8633,14.4717,14.5566,6.5524,15.9633,24.2342,2.4246,1.0957,21.5624,9.5624
26,16.0000,29,483.3000,Good,24.6146,7.0812,14.3247,14.3221,6.7164,15.8187,25.1245,2.5222,1.1208,21.8839,9.8839
26,16.0000,30,500.0000,Good,25.5813,7.2951,14.1720,14.0818,6.8693,15.6680,26.0039,2.6224,1.1450,22.1682,10.1682
26,16.0000,31,516.7000,Good,26.5372,7.5049,14.0137,13.8363,7.0110,15.5112,26.8718,2.7250,1.1680,22.4157,10.4157
26,16.0000,32,533.3000,Good,27.4818,7.7105,13.8498,13.5860,7.1413,15.3485,27.7279,2.8298,1.1899,22.6269,10.6269
26,16.0000,33,550.0000,Good,28.4150,7.9120,13.6806,13.3315,7.2600,15.1801,28.5716,2.9367,1.2107,22.8024,10.8024
26,16.0000,34,566.7000,Good,29.3362,8.1091,13.5062,13.0732,7.3671,15.0061,29.4026,3.0454,1.2303,22.9430,10.9430
26,16.0000,35,583.3000,Good,30.2452,8.3018,13.3265,12.8115,7.4626,14.8265,30.2204,3.1557,1.2487,23.0498,11.0498
26,16.0000,36,600.0000,Good,31.1416,8.4902,13.1418,12.5470,7.5464,14.6416,31.0247,3.2675,1.2659,23.1239,11.1239
26,16.0000,37,616.7000,Good,32.0251,8.6741,12.9522,12.2801,7.6184,14.4514,31.8149,3.3806,1.2819,23.1664,11.1664
26,16.0000,38,633.3000,Good,32.8953,8.8535,12.7578,12.0113,7.6788,14.2560,32.5908,3.4947,1.2967,23.1788,11.1788
26,16.0000,39,650.0000,Good,33.7519,9.0284,12.5586,11.7409,7.7275,14.0557,33.3518,3.6097,1.3103,23.1625,11.1625
26,16.0000,40,666.7000,Good,34.5946,9.1987,12.3549,11.4695,7.7647,13.8506,34.0975,3.7253,1.3227,23.1189,11.1189
26,16.0000,41,683.3000,Good,35.4231,9.3645,12.1467,11.1973,7.7904,13.6407,34.8277,3.8415,1.3338,23.0496,11.0496
26,16.0000,42,700.0000,Perfect,36.2371,9.5258,11.9342,12.2239,8.5546,14.9200,34.9854,3.9579,1.4182,25.6116,13.6116
26,16.0000,43,716.7000,Perfect,37.0364,9.6825,11.7175,11.9516,8.5577,14.6995,35.6038,4.0745,1.4267,25.4837,13.4837
26,16.0000,44,733.3000,Perfect,37.8206,9.8347,11.4966,11.6796,8.5496,14.4745,36.2045,4.1909,1.4340,25.3334,13.3334
26,16.0000,45,750.0000,Perfect,38.5894,9.9823,11.2718,11.4085,8.5306,14.2452,36.7870,4.3071,1.4402,25.1624,13.1624
26,16.0000,46,766.7000,Perfect,39.3426,10.1254,11.0431,11.1384,8.5008,14.0117,37.3508,4.4228,1.4452,24.9722,12.9722
26,16.0000,47,783.3000,Perfect,40.0800,10.2640,10.8106,10.8698,8.4605,13.7743,37.8954,4.5380,1.4490,24.7646,12.7646
26,16.0000,48,800.0000,Perfect,40.8013,10.3981,10.5745,10.6028,8.4098,13.5331,38.4203,4.6523,1.4518,24.5411,12.5411
26,16.0000,49,816.7000,Perfect,41.5062,10.5278,10.3349,10.3377,8.3490,13.2881,38.9251,4.7656,1.4535,24.3034,12.3034
26,16.0000,50,833.3000,Perfect,42.1946,10.6531,10.0919,10.0749,8.2783,13.0397,39.4091,4.8779,1.4541,24.0530,12.0530
26,16.0000,51,850.0000,Perfect,42.8662,10.7740,9.8457,9.8144,8.1979,12.7878,39.8717,4.9888,1.4537,23.7913,11.7913
26,16.0000,52,866.7000,Perfect,43.5207,10.8906,9.5962,9.5565,8.1081,12.5327,40.3125,5.0982,1.4523,23.5198,11.5198
26,16.0000,53,883.3000,Good,44.1581,11.0030,9.3437,8.0024,7.2592,10.8044,42.2120,5.2061,1.3792,20.7902,8.7902
26,16.0000,54,900.0000,Good,44.7780,11.1111,9.0883,7.7503,7.1514,10.5456,42.6987,5.3122,1.3764,20.5284,8.5284
26,16.0000,55,916.7000,Good,45.3802,11.2150,8.8300,7.5012,7.0351,10.2840,43.1632,5.4164,1.3726,20.2614,8.2614
26,16.0000,56,933.3000,Good,45.9647,11.3148,8.5691,7.2554,6.9104,10.0197,43.6049,5.5186,1.3680,19.9904,7.9904
26,16.0000,57,950.0000,Good,46.5312,11.4105,8.3055,7.0128,6.7777,9.7528,44.0230,5.6186,1.3626,19.7164,7.7164
26,16.0000,58,966.7000,Good,47.0796,11.5022,8.0393,6.7737,6.6372,9.4834,44.4170,5.7163,1.3564,19.4402,7.4402
26,16.0000,59,983.3000,Good,47.6096,11.5900,7.7708,6.5380,6.4893,9.2117,44.7860,5.8115,1.3495,19.1628,7.1628
26,16.0000,60,1000.0000,Good,48.1212,11.6738,7.5000,6.3057,6.3342,8.9378,45.1291,5.9042,1.3418,18.8849,6.8849
26,16.0000,61,1016.7000,Good,48.6142,11.7538,7.2270,6.0770,6.1722,8.6618,45.4455,5.9942,1.3334,18.6072,6.6072
26,16.0000,62,1033.3000,Good,49.0884,11.8301,6.9519,6.0000,6.0037,8.4879,45.0177,6.0815,1.3244,18.5267,6.5267
26,16.0000,63,1050.0000,Good,49.5436,11.9026,6.6748,6.0000,5.8289,8.3652,44.1712,6.1658,1.3148,18.5414,6.5414
26,16.0000,64,1066.7000,Good,49.9799,11.9715,6.3958,6.0000,5.6480,8.2402,43.2693,6.2472,1.3046,18.5490,6.5490
26,16.0000,65,1083.3000,Good,50.3970,12.0367,6.1150,6.0000,5.4615,8.1134,42.3100,6.3255,1.2938,18.5496,6.5496
26,16.0000,66,1100.0000,Good,50.7948,12.0984,5.8325,6.0000,5.2695,7.9855,41.2914,6.4006,1.2825,18.5436,6.5436
26,16.0000,67,1116.7000,Good,51.1733,12.1566,5.5484,6.0000,5.0724,7.8568,40.2114,6.4725,1.2707,18.5311,6.5311
26,16.0000,68,1133.3000,Good,51.5322,12.2114,5.2627,6.0000,4.8705,7.7280,39.0680,6.5410,1.2585,18.5124,6.5124
26,16.0000,69,1150.0000,Good,51.8716,12.2628,4.9757,6.0000,4.6640,7.5995,37.8591,6.6060,1.2458,18.4877,6.4877
26,16.0000,70,1166.7000,Good,52.1913,12.3109,4.6872,6.0000,4.4532,7.4720,36.5828,6.6676,1.2327,18.4573,6.4573
26,16.0000,71,1183.3000,Good,52.4913,12.3557,4.3975,6.0000,4.2384,7.3460,35.2373,6.7257,1.2193,18.4214,6.4214
26,16.0000,72,1200.0000,Good,52.7714,12.3972,4.1067,6.0000,4.0198,7.2221,33.8211,6.7800,1.2055,18.3802,6.3802
26,16.0000,73,1216.7000,Good,53.0316,12.4355,3.8147,6.0000,3.7978,7.1010,32.3327,6.8308,1.1914,18.3340,6.3340
26,16.0000,74,1233.3000,Good,53.2718,12.4707,3.5218,6.0000,3.5726,6.9831,30.7712,6.8777,1.1770,18.2828,6.2828
26,16.0000,75,1250.0000,Good,53.4920,12.5028,3.2279,6.0000,3.3445,6.8692,29.1360,6.9209,1.1623,18.2269,6.2269
26,16.0000,76,1266.7000,Good,53.6921,12.5318,2.9332,6.0000,3.1137,6.7598,27.4270,6.9603,1.1474,18.1665,6.1665
26,16.0000,77,1283.3000,Good,53.8720,12.5578,2.6377,6.0000,2.8805,6.6556,25.6447,6.9957,1.1323,18.1018,6.1018
26,16.0000,78,1300.0000,Good,54.0317,12.5808,2.3415,6.0000,2.6451,6.5572,23.7903,7.0273,1.1170,18.0329,6.0329
26,16.0000,79,1316.7000,Good,54.1712,12.6008,2.0448,6.0000,2.4078,6.4651,21.8660,7.0549,1.1015,17.9600,5.9600
26,16.0000,80,1333.3000,Good,54.2904,12.6178,1.7475,6.0000,2.1689,6.3800,19.8744,7.0785,1.0859,17.8833,5.8833
26,16.0000,81,1350.0000,Good,54.3893,12.6319,1.4498,6.0000,2.0000,6.3246,18.4349,7.0981,1.0752,17.8331,5.8331
26,16.0000,82,1366.7000,Good,54.4678,12.6430,1.1517,6.0000,2.0000,6.3246,18.4349,7.1138,1.0762,17.8504,5.8504
26,16.0000,83,1383.3000,Good,54.5260,12.6513,0.8533,6.0000,2.0000,6.3246,18.4349,7.1253,1.0770,17.8633,5.8633
26,16.0000,84,1400.0000,Good,54.5638,12.6567,0.5547,6.0000,2.0000,6.3246,18.4349,7.1329,1.0775,17.8716,5.8716
26,16.0000,85,1416.7000,Good,54.5813,12.6591,0.2559,6.0000,2.0000,6.3246,18.4349,7.1363,1.0777,17.8754,5.8754
26,16.0000,85,1416.7000,Poor(auto),54.5784,12.6587,-0.0429,6.0000,2.0000,6.3246,18.4349,7.1358,1.0777,17.8748,5.8748
28,16.0000,27,450.0000,Good,22.6504,6.6415,14.6129,14.7849,6.3776,16.1017,23.3333,2.3298,1.0695,21.2039,9.2039
28,16.0000,28,466.7000,Good,23.6376,6.8633,14.4717,14.5566,6.5524,15.9633,24.2342,2.4246,1.0957,21.5624,9.5624
28,16.0000,29,483.3000,Good,24.6146,7.0812,14.3247,14.3221,6.7164,15.8187,25.1245,2.5222,1.1208,21.8839,9.8839
28,16.0000,30,500.0000,Good,25.5813,7.2951,14.1720,14.0818,6.8693,15.6680,26.0039,2.6224,1.1450,22.1682,10.1682
28,16.0000,31,516.7000,Good,26.5372,7.5049,14.0137,13.8363,7.0110,15.5112,26.8718,2.7250,1.1680,22.4157,10.4157
28,16.0000,32,533.3000,Good,27.4818,7.7105,13.8498,13.5860,7.1413,15.3485,27.7279,2.8298,1.1899,22.6269,10.6269
28,16.0000,33,550.0000,Good,28.4150,7.9120,13.6806,13.3315,7.2600,15.1801,28.5716,2.9367,1.2107,22.8024,10.8024
28,16.0000,34,566.7000,Good,29.3362,8.1091,13.5062,13.0732,7.3671,15.0061,29.4026,3.0454,1.2303,22.9430,10.9430
28,16.0000,35,583.3000,Good,30.2452,8.3018,13.3265,12.8115,7.4626,14.8265,30.2204,3.1557,1.2487,23.0498,11.0498
28,16.0000,36,600.0000,Good,31.1416,8.4902,13.1418,12.5470,7.5464,14.6416,31.0247,3.2675,1.2659,23.1239,11.1239
28,16.0000,37,616.7000,Good,32.0251,8.6741,12.9522,12.2801,7.6184,14.4514,31.8149,3.3806,1.2819,23.1664,11.1664
28,16.0000,38,633.3000,Good,32.8953,8.8535,12.7578,12.0113,7.6788,14.2560,32.5908,3.4947,1.2967,23.1788,11.1788
28,16.0000,39,650.0000,Good,33.7519,9.0284,12.5586,11.7409,7.7275,14.0557,33.3518,3.6097,1.3103,23.1625,11.1625
28,16.0000,40,666.7000,Good,34.5946,9.1987,12.3549,11.4695,7.7647,13.8506,34.0975,3.7253,1.3227,23.1189,11.1189
28,16.0000,41,683.3000,Good,35.4231,9.3645,12.1467,11.1973,7.7904,13.6407,34.8277,3.8415,1.3338,23.0496,11.0496
28,16.0000,42,700.0000,Perfect,36.2371,9.5258,11.9342,12.2239,8.5546,14.9200,34.9854,3.9579,1.4182,25.6116,13.6116
28,16.0000,43,716.7000,Perfect,37.0364,9.6825,11.7175,11.9516,8.5577,14.6995,35.6038,4.0745,1.4267,25.4837,13.4837
28,16.0000,44,733.3000,Perfect,37.8206,9.8347,11.4966,11.6796,8.5496,14.4745,36.2045,4.1909,1.4340,25.3334,13.3334
28,16.0000,45,750.0000,Perfect,38.5894,9.9823,11.2718,11.4085,8.5306,14.2452,36.7870,4.3071,1.4402,25.1624,13.1624
28,16.0000,46,766.7000,Perfect,39.3426,10.1254,11.0431,11.1384,8.5008,14.0117,37.3508,4.4228,1.4452,24.9722,12.9722
28,16.0000,47,783.3000,Perfect,40.0800,10.2640,10.8106,10.8698,8.4605,13.7743,37.8954,4.5380,1.4490,24.7646,12.7646
28,16.0000,48,800.0000,Perfect,40.8013,10.3981,10.5745,10.6028,8.4098,13.5331,38.4203,4.6523,1.4518,24.5411,12.5411
28,16.0000,49,816.7000,Perfect,41.5062,10.5278,10.3349,10.3377,8.3490,13.2881,38.9251,4.7656,1.4535,24.3034,12.3034
28,16.0000,50,833.3000,Perfect,42.1946,10.6531,10.0919,10.0749,8.2783,13.0397,39.4091,4.8779,1.4541,24.0530,12.0530
28,16.0000,51,850.0000,Perfect,42.8662,10.7740,9.8457,9.8144,8.1979,12.7878,39.8717,4.9888,1.4537,23.7913,11.7913
28,16.0000,52,866.7000,Perfect,43.5207,10.8906,9.5962,9.5565,8.1081,12.5327,40.3125,5.0982,1.4523,23.5198,11.5198
28,16.0000,53,883.3000,Good,44.1581,11.0030,9.3437,8.0024,7.2592,10.8044,42.2120,5.2061,1.3792,20.7902,8.7902
28,16.0000,54,900.0000,Good,44.7780,11.1111,9.0883,7.7503,7.1514,10.5456,42.6987,5.3122,1.3764,20.5284,8.5284
28,16.0000,55,916.7000,Good,45.3802,11.2150,8.8300,7.5012,7.0351,10.2840,43.1632,5.4164,1.3726,20.2614,8.2614
28,16.0000,56,933.3000,Good,45.9647,11.3148,8.5691,7.2554,6.9104,10.0197,43.6049,5.5186,1.3680,19.9904,7.9904
28,16.0000,57,950.0000,Good,46.5312,11.4105,8.3055,7.0128,6.7777,9.7528,44.0230,5.6186,1.3626,19.7164,7.7164
28,16.0000,58,966.7000,Good,47.0796,11.5022,8.0393,6.7737,6.6372,9.4834,44.4170,5.7163,1.3564,19.4402,7.4402
28,16.0000,59,983.3000,Good,47.6096,11.5900,7.7708,6.5380,6.4893,9.2117,44.7860,5.8115,1.3495,19.1628,7.1628
28,16.0000,60,1000.0000,Good,48.1212,11.6738,7.5000,6.3057,6.3342,8.9378,45.1291,5.9042,1.3418,18.8849,6.8849
28,16.0000,61,1016.7000,Good,48.6142,11.7538,7.2270,6.0770,6.1722,8.6618,45.4455,5.9942,1.3334,18.6072,6.6072
28,16.0000,62,1033.3000,Good,49.0884,11.8301,6.9519,6.0000,6.0037,8.4879,45.0177,6.0815,1.3244,18.5267,6.5267
28,16.0000,63,1050.0000,Good,49.5436,11.9026,6.6748,6.0000,5.8289,8.3652,44.1712,6.1658,1.3148,18.5414,6.5414
28,16.0000,64,1066.7000,Good,49.9799,11.9715,6.3958,6.0000,5.6480,8.2402,43.2693,6.2472,1.3046,18.5490,6.5490
28,16.0000,65,1083.3000,Good,50.3970,12.0367,6.1150,6.0000,5.4615,8.1134,42.3100,6.3255,1.2938,18.5496,6.5496
28,16.0000,66,1100.0000,Good,50.7948,12.0984,5.8325,6.0000,5.2695,7.9855,41.2914,6.4006,1.2825,18.5436,6.5436
28,16.0000,67,1116.7000,Good,51.1733,12.1566,5.5484,6.0000,5.0724,7.8568,40.2114,6.4725,1.2707,18.5311,6.5311
28,16.0000,68,1133.3000,Good,51.5322,12.2114,5.2627,6.0000,4.8705,7.7280,39.0680,6.5410,1.2585,18.5124,6.5124
28,16.0000,69,1150.0000,Good,51.8716,12.2628,4.9757,6.0000,4.6640,7.5995,37.8591,6.6060,1.2458,18.4877,6.4877
28,16.0000,70,1166.7000,Good,52.1913,12.3109,4.6872,6.0000,4.4532,7.4720,36.5828,6.6676,1.2327,18.4573,6.4573
28,16.0000,71,1183.3000,Good,52.4913,12.3557,4.3975,6.0000,4.2384,7.3460,35.2373,6.7257,1.2193,18.4214,6.4214
28,16.0000,72,1200.0000,Good,52.7714,12.3972,4.1067,6.0000,4.0198,7.2221,33.8211,6.7800,1.2055,18.3802,6.3802
28,16.0000,73,1216.7000,Good,53.0316,12.4355,3.8147,6.0000,3.7978,7.1010,32.3327,6.8308,1.1914,18.3340,6.3340
28,16.0000,74,1233.3000,Good,53.2718,12.4707,3.5218,6.0000,3.5726,6.9831,30.7712,6.8777,1.1770,18.2828,6.2828
28,16.0000,75,1250.0000,Good,53.4920,12.5028,3.2279,6.0000,3.3445,6.8692,29.1360,6.9209,1.1623,18.2269,6.2269
28,16.0000,76,1266.7000,Good,53.6921,12.5318,2.9332,6.0000,3.1137,6.7598,27.4270,6.9603,1.1474,18.1665,6.1665
28,16.0000,77,1283.3000,Good,53.8720,12.5578,2.6377,6.0000,2.8805,6.6556,25.6447,6.9957,1.1323,18.1018,6.1018
28,16.0000,78,1300.0000,Good,54.0317,12.5808,2.3415,6.0000,2.6451,6.5572,23.7903,7.0273,1.1170,18.0329,6.0329
28,16.0000,79,1316.7000,Good,54.1712,12.6008,2.0448,6.0000,2.4078,6.4651,21.8660,7.0549,1.1015,17.9600,5.9600
28,16.0000,80,1333.3000,Good,54.2904,12.6178,1.7475,6.0000,2.1689,6.3800,19.8744,7.0785,1.0859,17.8833,5.8833
28,16.0000,81,1350.0000,Good,54.3893,12.6319,1.4498,6.0000,2.0000,6.3246,18.4349,7.0981,1.0752,17.8331,5.8331
28,16.0000,82,1366.7000,Good,54.4678,12.6430,1.1517,6.0000,2.0000,6.3246,18.4349,7.1138,1.0762,17.8504,5.8504
28,16.0000,83,1383.3000,Good,54.5260,12.6513,0.8533,6.0000,2.0000,6.3246,18.4349,7.1253,1.0770,17.8633,5.8633
28,16.0000,84,1400.0000,Good,54.5638,12.6567,0.5547,6.0000,2.0000,6.3246,18.4349,7.1329,1.0775,17.8716,5.8716
28,16.0000,85,1416.7000,Good,54.5813,12.6591,0.2559,6.0000,2.0000,6.3246,18.4349,7.1363,1.0777,17.8754,5.8754
28,16.0000,85,1416.7000,Poor(auto),54.5784,12.6587,-0.0429,6.0000,2.0000,6.3246,18.4349,7.1358,1.0777,17.8748,5.8748
